Absorb,grass,SPECIAL,1,SPECIAL,,DEXTERITY,CHANNEL,Foe,The user restores HP equal to half the damage dealth rounded down.
Accelerock,rock,PHYSICAL,2,STRENGTH,,DEXTERITY,BRAWL,Foe,Priority.
Acid,poison,SPECIAL,2,SPECIAL,,DEXTERITY,CHANNEL,All Foes,Roll 1 Chance Dice to Reduce Sp. Defense of those affected.
Acid Armor,poison,SUPPORT,0,,,SPECIAL,NATURE,User,Increase the User's Defense.
Acid Spray,poison,SPECIAL,2,SPECIAL,,DEXTERITY,CHANNEL,Foe,Reduce the foe's Special by 2.
Acrobatics,flying,PHYSICAL,4,STRENGTH,,DEXTERITY,BRAWL,Foe,If the User has a Held Item. remove 2 Dice from the Damage Roll.
Acupressure,normal,SUPPORT,0,,,DEXTERITY,NATURE,User,Increase a Random Attribute. If this Move is used again. the previous Attribute Modifier is removed.
Aerial Ace,flying,PHYSICAL,2,STRENGTH,,DEXTERITY,BRAWL,Foe,Never Fail.
Aeroblast,flying,SPECIAL,4,SPECIAL,,SPECIAL,CHANNEL,Foe,Lethal. High Critical.
After You,normal,SUPPORT,0,,,COOL,ETIQUETTE,One Ally,The Target will go first in the order of Initiative. Lasts for the rest of this Battle.
Agility,psychic,SUPPORT,0,,,DEXTERITY,ATHLETIC,User,Increase the User's Dexterity by 2.
Air Cutter,flying,SPECIAL,2,SPECIAL,,DEXTERITY,CHANNEL,All Foes,Target all foes in Range. High Critical.
Air Slash,flying,SPECIAL,3,SPECIAL,,DEXTERITY,CHANNEL,Foe,Roll 3 Chance Dice to Flinch the foe.
Ally Switch,psychic,SUPPORT,0,,,SPECIAL,CHANNEL,One Ally,User switches back. Choose another Pokémon to take its place. It will be ready to fight on the next Round. Switcher Move.
Amnesia,psychic,SUPPORT,0,,,INSIGHT,ALERT,User,Increase the User's Sp. Defense by 2.
Anchor Shot,steel,PHYSICAL,3,STRENGTH,,DEXTERITY,BRAWL,Foe,Ranged. Blocks.
Ancient Power,rock,SPECIAL,2,SPECIAL,,DEXTERITY,CHANNEL,Foe,Roll 1 Chance Dice to Increase the User's Strength. Dexterity. Special. Defense. and Sp. Defense.
Apple Acid,grass,SPECIAL,3,SPECIAL,,DEXTERITY,CHANNEL,Foe,Reduce the Foe’s Sp. Defense.
Aqua Jet,water,PHYSICAL,2,STRENGTH,,DEXTERITY,BRAWL,Foe,Priority.
Aqua Ring,water,SUPPORT,0,,,SPECIAL,NATURE,User,At the end of each Round. recover 1 HP. Lasts 4 Rounds.
Aqua Tail,water,PHYSICAL,3,STRENGTH,,DEXTERITY,BRAWL,Foe,Roll 3 Chance Dice to Flinch the foe.
Arm Thrust,fighting,PHYSICAL,1,STRENGTH,,DEXTERITY,BRAWL,Foe,Successive Actions.
Aromatherapy,grass,SUPPORT,0,,,INSIGHT,NATURE,User and Allies,Cure User and Allies from Burn. Freeze. Paralysis. Poison or Sleep.
Aromatic Mist,fairy,SUPPORT,0,,,INSIGHT,NATURE,One Ally,Increase one Ally's Defense and Sp. Defense.
Assist,normal,SUPPORT,0,,,CLEVER,PERFORM,One Ally,Choose one Move known by a random member of your party. You performed that Move using the Accuracy roll from Assist.
Assurance,dark,PHYSICAL,2,STRENGTH,,DEXTERITY,BRAWL,Foe,If the User has already received damage from the target this Round. Add 2 Extra Dice to the Damage Pool.
Astonish,ghost,PHYSICAL,1,STRENGTH,,DEXTERITY,BRAWL,Foe,Roll 3 Chance Dice to Flinch the foe.
Attack Order,bug,PHYSICAL,3,STRENGTH,,TOUGH,NATURE,Foe,High Critical. Ranged.
Attract,normal,SUPPORT,0,,,BEAUTY,ALLURE,Foe,If Successful. Target is now In Love. This Move fails if target is from same gender as the User of genderless.
Aura Sphere,fighting,SPECIAL,3,SPECIAL,,DEXTERITY,CHANNEL,Foe,Never Fail.
Aura Wheel,electric,PHYSICAL,4,STRENGTH,,DEXTERITY,BRAWL,Foe,"If successful, Increase user’s Dexterity. If the user is in “Hangry” Form this Move is considered to be Dark-Type."
Aurora Beam,ice,SPECIAL,2,SPECIAL,,DEXTERITY,CHANNEL,Foe,Roll 1 Chance Dice to Reduce foe's Strength.
Aurora Veil,ice,SUPPORT,0,,,SPECIAL,CHANNEL,User and Allies,User and Allies will receive 1 less Damage from both Physical and Special Attacks. This move will fail if not performed under Hail Weather. Lasts until Hail Weather is over.
Autotomize,steel,SUPPORT,0,,,DEXTERITY,CHANNEL,Foe,Increase the User's Dexterity by 2. User's weight is halved for the rest of Scene.
Avalanche,ice,PHYSICAL,4,STRENGTH,,DEXTERITY,BRAWL,Foe,Low Priority 4. If the user received damage from the target this Round. Add 2 Extra Dice to the Damage Pool.
Baby-Doll Eyes,fairy,SUPPORT,0,,,CUTE,ALLURE,Foe,Priority. Reduce foe's Strength.
Baddy Bad,dark,SPECIAL,3,SPECIAL,,DEXTERITY,CHANNEL,Foe,"If successful, for the next 4 Rounds the User and Allies will receive 1 less damage from Physical Attacks. This effect does not stack. If the user of this Move is at its Final Stage of Evolution, this move fails."
Baneful Bunker,poison,SUPPORT,0,,,VITALITY,NATURE,User,Priority 4. Shield. If the foe attacked using a Physical Move. it is now Poisoned. Reduce 3 Dice from the Foe's Damage Pool.
Barrage,normal,PHYSICAL,1,STRENGTH,,DEXTERITY,BRAWL,Foe,Ranged. Successive Actions. -1 Accuracy.
Barrier,psychic,SUPPORT,0,,,SPECIAL,CHANNEL,Foe,Increase the User's Defense by 2.
Baton Pass,normal,SUPPORT,0,,,SPECIAL,CHANNEL,User,The User returns to this Pokéball. Any Increased Trait on the User is passed on to the next Pokémon. That Pokémon is ready to fight on the next Round. The User can't Increase those Traits again for the rest of the scene. Switcher Move.
Beak Blast,flying,PHYSICAL,4,STRENGTH,,DEXTERITY,BRAWL,Foe,Ranged. Charge Move. Low Priority 3. If the User is hit by a Non Ranged Physical Attack while this move is charging. Apply Burn 2 to the foe.
Beat Up,dark,PHYSICAL,2,STRENGTH,,DEXTERITY,BRAWL,Foe,If the attack is successful. add 2 Dice of Damage for every ally Pokémon that spends an action to help the user perform this move. up to 3 allies may join.
Behemot Bash,steel,PHYSICAL,4,STRENGTH,,VITALITY,BRAWL,Foe,"If the Foe is under the effects of Dynamax, This Move becomes Lethal and you add 4 Extra Dice to the Damage Pool."
Behemot Blade,steel,PHYSICAL,4,STRENGTH,,STRENGTH,BRAWL,Foe,"If the Foe is under the effects of Dynamax, This Move becomes Lethal and you add 4 Extra Dice to the Damage Pool."
Belch,poison,SPECIAL,5,SPECIAL,,SPECIAL,CHANNEL,Foe,The user must eat something before using this Move. -1 Accuracy.
Belly Drum,normal,SUPPORT,0,,,TOUGH,PERFORM,User,User deals Damage to itself equal to Half of its total HP rounded down. Increase User's Strength by 3.
Bestow,normal,SUPPORT,0,,,COOL,ETIQUETTE,Foe,If target is not holding an Item. the User gives its own.
Bide,normal,PHYSICAL,0,,,DEXTERITY,BRAWL,Foe,The User will take the next 2 hits. After those two attacks. you may use this Move again to retaliate with Strength + Twice the Damage receive from those 2 hits.
Bind,normal,PHYSICAL,1,STRENGTH,,DEXTERITY,BRAWL,Foe,Block. Deal 2 dice of damage at the end of each Round. Lasts 4 Rounds. -2 Accuracy.
Bite,dark,PHYSICAL,2,STRENGTH,,DEXTERITY,BRAWL,Foe,Roll 3 Chance Dice to Flinch the foe.
Blast Burn,fire,SPECIAL,6,SPECIAL,,SPECIAL,CHANNEL,Foe,Lethal. Must Recharge.
Blaze Kick,fire,PHYSICAL,3,STRENGTH,,DEXTERITY,BRAWL,Foe,High Critical. Roll 2 Chance Dice to Apply Burn 2 to the Foe.
Blizzard,ice,SPECIAL,5,SPECIAL,,SPECIAL,CHANNEL,All Foes,Roll 1 Chance Dice to Freeze those affected. If performed under Hail Weather. Add 3 Extra Dice to Accuracy and ignore any Increased Evasion the foes may have. -2 Accuracy.
Block,normal,SUPPORT,0,,,DEXTERITY,BRAWL,Foe,Blocks.
Blue Flare,fire,SPECIAL,6,SPECIAL,,SPECIAL,CHANNEL,Foe,Roll 2 Chance Dice to Burn the foe.
Body Press,fighting,PHYSICAL,3,VITALITY,,STRENGTH,BRAWL,Foe,-
Body Slam,normal,PHYSICAL,3,STRENGTH,,DEXTERITY,BRAWL,Foe,Roll 3 Chance Dice to Paralyze the foe.
Bolt Beak,electric,PHYSICAL,2,STRENGTH,,DEXTERITY,BRAWL,Foe,"If the Target hasn’t had a Turn this Round, add 2 Extra Dice to the Damage pool."
Bolt Strike,electric,PHYSICAL,6,STRENGTH,,STRENGTH,BRAWL,Foe,Roll 2 Chance Dice to Paralyze the foe.
Bone Club,ground,PHYSICAL,2,STRENGTH,,DEXTERITY,BRAWL,Foe,Roll 2 Chance Dice to Flinch the Foe. -2 Accuracy.
Bone Rush,ground,PHYSICAL,1,STRENGTH,,DEXTERITY,BRAWL,Foe,Successive Actions. -1 Accuracy.
Bonemerang,ground,PHYSICAL,2,STRENGTH,,DEXTERITY,BRAWL,Foe,Ranged. Double Action. -1 Accuracy.
Boomburst,normal,SPECIAL,6,SPECIAL,,DEXTERITY,CHANNEL,Area,Sound Based.
Bounce,flying,PHYSICAL,3,STRENGTH,,DEXTERITY,BRAWL,Foe,Charge Move. While charging this Move. the user will be out of range. Roll 3 Chance Dice to Paralyze the foe.
Bouncy Bubble,water,SPECIAL,3,SPECIAL,,DEXTERITY,CHANNEL,Foe,"The user restores HP equal to half the damage dealt, rounded down. If the user of this Move is at its Final Stage of Evolution, this move fails."
Branch Poke,grass,PHYSICAL,2,STRENGTH,,DEXTERITY,BRAWL,Foe,-
Brave Bird,flying,PHYSICAL,5,STRENGTH,,STRENGTH,BRAWL,Foe,Recoil.
Breaking Swipe,dragon,PHYSICAL,2,STRENGTH,,DEXTERITY,BRAWL,All Foes,All Foes in Range. Reduce the Strength of those affected.
Brick Break,fighting,PHYSICAL,3,STRENGTH,,DEXTERITY,BRAWL,Foe,If a Barrier is in place on the foe's side (ie. Light Screen. Reflect) destroy the barrier and add 2 Extra Dice to the Damage Pool.
Brine,water,SPECIAL,2,SPECIAL,,DEXTERITY,CHANNEL,Foe,If the foe is at half HP or less. add 3 Extra Dice to the Damage Pool.
Brutal Swing,dark,PHYSICAL,2,STRENGTH,,DEXTERITY,BRAWL,All Foes,Lethal.
Bubble,water,SPECIAL,2,SPECIAL,,DEXTERITY,CHANNEL,All Foes,Roll 1 Chance Dice to Reduce the foe's Dexterity.
Bubble Beam,water,SPECIAL,3,SPECIAL,,DEXTERITY,CHANNEL,Foe,Roll 1 Chance Dice to Reduce the foe's Dexterity.
Bug Bite,bug,PHYSICAL,2,STRENGTH,,DEXTERITY,BRAWL,Foe,If the Target Pokémon is holding a berry. the user eats it and gains its effect.
Bug Buzz,bug,PHYSICAL,2,STRENGTH,,SPECIAL,PERFORM,Foe,Sound Based. Roll 1 Chance Dice to reduce foe's Sp. Defense.
Bulk Up,fighting,SUPPORT,0,,,VITALITY,ATHLETIC,User,Increase the User's Strength and Defense.
Bulldoze,ground,PHYSICAL,2,STRENGTH,,DEXTERITY,BRAWL,Area,Reduce the Dexterity of those affected.
Bullet Punch,steel,PHYSICAL,2,STRENGTH,,DEXTERITY,BRAWL,Foe,Fist Based. Priority.
Bullet Seed,grass,PHYSICAL,1,STRENGTH,,DEXTERITY,BRAWL,Foe,Ranged. Successive Actions.
Burn Up,fire,SPECIAL,7,SPECIAL,,WILL,CHANNEL,Foe,Lethal. After Damage is dealth. the user is no longer considered a Fire-Type for the rest of the day (if its only type was Fire. it is now considered Typeless). Fire-typpe Moves won't add their Power to the Damage pool of this Pokémon for the rest of the day.
Buzzy Buzz,electric,SPECIAL,3,SPECIAL,,DEXTERITY,CHANNEL,Foe,"Paralize the foe. If the user of this Move is at its Final Stage of Evolution, this move fails."
Calm Mind,psychic,SUPPORT,0,,,INSIGHT,CHANNEL,User,Increase the User's Special and Sp. Defense.
Camouflage,normal,SUPPORT,0,,,SPECIAL,NATURE,User,The user changes type to whatever terrain it's standing on (ie. User stands on rocks in a cave. becomes rock type). Lasts for the rest of the scene.
Captivate,normal,SUPPORT,0,,,BEAUTY,ALLURE,All Foes,If the target is from the opposite gender. Reduce its Special by 2.
Charge,electric,SUPPORT,0,,,INSIGHT,NATURE,User,Add 2 Dice to the Damage Pool to the next Electric Damaging move the user performs.
Charge Beam,electric,SPECIAL,2,SPECIAL,,DEXTERITY,CHANNEL,Foe,Roll 5 Chance Dice to Increase the User's Special.
Charm,fairy,SUPPORT,0,,,CUTE,ALLURE,Foe,Reduce foe's Strength by 2.
Chatter,flying,SPECIAL,2,SPECIAL,,INSIGHT,PERFORM,Foe,Roll 3 Chance Dice to Confuse the foe.
Chip Away,normal,PHYSICAL,3,STRENGTH,,DEXTERITY,BRAWL,Foe,This attack ignores Defense and Evasion modifiers on the foe.
Circle Throw,fighting,PHYSICAL,2,STRENGTH,,DEXTERITY,BRAWL,Foe,Low Priority. The target is hit and knocked back to its trainer forcing it to send another Pokémon. the in the wild the target is sent away. Switcher Move.
Clamp,water,PHYSICAL,2,STRENGTH,,DEXTERITY,BRAWL,Foe,Block. Deal 2 Dice of Damage at the end of each Round. Lasts 4 Rounds.
Clanging Scales,dragon,SPECIAL,4,SPECIAL,,DEXTERITY,PERFORM,All Foes,Sound Based. Reduce User's Defense.
Clangorous Soul,dragon,SUPPORT,0,,,TOUGH,PERFORM,User,"User deals Damage to itself equal to Half of its total HP rounded down. Increase User’s Strength, Dexterity, Special, Defense and Sp. Defense."
Clear Smog,poison,SPECIAL,2,SPECIAL,,DEXTERITY,CHANNEL,Foe,Never Fail. Reset all Increased or Reduced Attributes and Traits of the foe.
Close Combat,fighting,PHYSICAL,5,STRENGTH,,STRENGTH,BRAWL,Foe,After dealing damage. Reduce the User's Defense and Sp. Defense.
Coil,poison,SUPPORT,0,,,TOUGH,INTIMIDATE,User,Increase the User's Strength. Defense. and Accuracy.
Comet Punch,normal,PHYSICAL,1,STRENGTH,,DEXTERITY,BRAWL,Foe,Successive Actions. Fist Based.
Confide,normal,SUPPORT,0,,,CUTE,ALLURE,Foe,Reduce the foes' Special.
Confuse Ray,ghost,SUPPORT,0,,,INSIGHT,NATURE,Foe,Confuse the foe.
Confusion,psychic,SPECIAL,2,SPECIAL,,DEXTERITY,CHANNEL,Foe,Roll 1 Chance Dice to Confuse the foe.
Constrict,normal,PHYSICAL,1,STRENGTH,,DEXTERITY,BRAWL,Foe,Blocks. Roll 2 Dice of Damage against the foe at the end of each Round. Lasts 4 Rounds.
Conversion,normal,SUPPORT,0,,,WILL,CHANNEL,User,The user changes its type at random.
Conversion 2,normal,SUPPORT,0,,,WILL,CHANNEL,User,After being dealt damage. choose a Type resistant to the Type of that attack. That's the Type of the User until it uses this Move again.
Copycat,normal,SUPPORT,0,,,,,Foe,Copies the last move the foe has performed. Copy power and accuracy as well.
Core Enforcer,dragon,SPECIAL,4,SPECIAL,,SPECIAL,CHANNEL,Foe,"If successful and the target of this Move has already inflicted damage this Round, remove the Foe’s Ability for the rest of the Scene. (Battle Bond, Comatose, Disguise, Multitype, Power Construct, RKS System, Schooling, Stance Change & Shields Down are exceptions)"
Cosmic Power,psychic,SUPPORT,0,,,SPECIAL,CHANNEL,User,Increase the User's Defense and Sp. Defense.
Cotton Guard,grass,SUPPORT,0,,,INSIGHT,CHANNEL,Foe,Increase the User's Defense by 3.
Cotton Spore,grass,SUPPORT,0,,,INSIGHT,CHANNEL,Foe,Reduce foe's Dexterity by 2.
Counter,fighting,PHYSICAL,2,,,INSIGHT,BRAWL,Foe,This Move can only deal damage if the Foe has dealt Physical Damage to the User this Round. Roll the same Damage Pool as your Foe plus 2 Extra Dice. Ignore the foe’s Defenses.
Court Change,normal,SUPPORT,0,,,CLEVER,ETIQUETTE,Battlefield,"Swap any Barriers (i.e.Light Screen, Reflect etc.), Entry Hazards (i.e. Toxic Spikes, Sticky Web etc.) and Effects on the foe’s side of the field (i.e. Tailwind, Grassy Terrain etc.) for the one’s on the User’s side."
Covet,normal,PHYSICAL,2,STRENGTH,,CLEVER,STEALTH,Foe,If the user is not holding an item. Steal the target's Held Item.
Crabhammer,water,PHYSICAL,3,STRENGTH,,DEXTERITY,BRAWL,Foe,High Critical.
Crafty Shield,fairy,SUPPORT,0,,,INSIGHT,NATURE,User and Allies,Priority 3. The User and its Allies are protected from the effects of a Support Move. Shield.
Cross Chop,fighting,PHYSICAL,4,STRENGTH,,DEXTERITY,BRAWL,Foe,High Critical.
Cross Poison,poison,PHYSICAL,3,STRENGTH,,DEXTERITY,BRAWL,Foe,High Critical. Roll 1 Chance Dice to Poison the foe.
Crunch,dark,PHYSICAL,3,STRENGTH,,DEXTERITY,BRAWL,Foe,Lethal. Roll 1 Chance Dice to reduce foe's Defense.
Crush Claw,normal,PHYSICAL,3,STRENGTH,,DEXTERITY,BRAWL,Foe,Roll 5 Chance Dice to Reduce the target's Defense by 2. Lethal.
Crush Grip,normal,PHYSICAL,1,STRENGTH,,STRENGTH,BRAWL,Foe,"Lethal. If the foe has a Base HP higher than 3, add 1 Die to the Damage pool for every exceeding point. Up to 9 Dice may be added this way"
Curse,ghost,SUPPORT,0,,,WILL,CHANNEL,Foe,Roll half the user's HP as damage dice to itself. The target now has 2 additional in all of its rolls. these dice always land as '1'.
Curse (Non-Ghost User),ghost,SUPPORT,0,,,WILL,CHANNEL,User,Increase the User's Strength and Defend. Reduce the User's Speed. This effect is only for Pokémon who are not Ghost-Type.
Cut,normal,PHYSICAL,2,STRENGTH,,DEXTERITY,BRAWL,Foe,May be used to cut down trees and clear paths.
Dark Pulse,dark,SPECIAL,3,SPECIAL,,INSIGHT,CHANNEL,Random Foe,Targets random foe. Roll 2 Chance Dice to Flinch the foe.
Dark Void,dark,SUPPORT,0,,,INSIGHT,CHANNEL,All Foes,All Foes in Range have the Sleep condition
Darkest Lariat,dark,PHYSICAL,3,STRENGTH,,DEXTERITY,BRAWL,Foe,Ignore the the foe's Attribute Increases that would decrease this Move's damage.
Dazzling Gleam,fairy,SPECIAL,3,SPECIAL,,DEXTERITY,CHANNEL,All Foes,-
Decorate,fairy,SUPPORT,0,,,BEAUTY,NATURE,One Ally,Increase the Strength and Special of One Ally
Defend Order,bug,SUPPORT,0,,,TOUGH,NATURE,User,User Increases its Defense and Sp. Defense.
Defense Curl,normal,SUPPORT,0,,,VITALITY,BRAWL,User,Increase the User's Defense.
Defog,flying,SUPPORT,0,,,INSIGHT,NATURE,Battlefield,Remove all Barriers (ie. Light Screen. Reflect) and any Entry Hazard and Evasion Modifier on the battlefield.
Destiny Bond,ghost,SUPPORT,0,,,WILL,CHANNEL,User,If the user faints this Round due to Combat damage. the Pokémon that dealt the damage will faint at the same time.
Detect,fighting,SUPPORT,0,,,INSIGHT,ALERT,User,Priority 5. Shield Move. Reduce 3 Dice from the foe's Damage Pool. Negate effects of Support Moves that target the user. Reduce to zero the set damage from a move the user would take.
Diamond Storm,rock,PHYSICAL,4,STRENGTH,,DEXTERITY,CHANNEL,All Foes,Ranged. Roll 5 Chance Dice to Increase the User’s Defense.
Dig,ground,PHYSICAL,3,STRENGTH,,DEXTERITY,BRAWL,Foe,Charge Move. While charging this move. the User will be out of range. Can be hit by Earthquake. Magnitude or a similar move.
Disable,normal,SUPPORT,0,,,INSIGHT,CHANNEL,Foe,The Target cannot use the last move it performed. Lasts 4 Rounds.
Disarming Voice,fairy,SPECIAL,2,SPECIAL,,INSIGHT,PERFORM,All Foes,Sound Based. Never Fail.
Discharge,electric,SPECIAL,3,SPECIAL,,DEXTERITY,CHANNEL,Area,Roll 3 Chance Dice to Paralyze those affected.
Dive,water,PHYSICAL,2,STRENGTH,,DEXTERITY,BRAWL,Foe,Charge Move. While charging this move. the User will be out of range. Allows the Pokémon to swim into Deep Waters.
Dizzy Punch,normal,PHYSICAL,3,STRENGTH,,DEXTERITY,BRAWL,Foe,Roll 2 Chance Dice to Confuse the foe. Fist Based.
Doom Desire,steel,SPECIAL,6,SPECIAL,,INSIGHT,ALLURE,Foe,"Strikes at the end of the Round after the next. Bypass Shield Moves and Cover. If the target retires or switches out from battle, the damage will be dealt to the next opponent or to one of its allies. Extra effects may be added at Storyteller’s Discretion"
Double Hit,normal,PHYSICAL,2,STRENGTH,,DEXTERITY,BRAWL,Foe,Double Action. -1 Accuracy.
Double Iron Bash,steel,PHYSICAL,2,SPECIAL,,SPECIAL,CHANNEL,Foe,Roll 5 Chance Dice to Reduce the foe’s Special. This Effect can be repeated up to 3 times per Target.
Double Kick,fighting,PHYSICAL,2,STRENGTH,,DEXTERITY,BRAWL,Foe,Double Action.
Double Slap,normal,PHYSICAL,1,STRENGTH,,DEXTERITY,BRAWL,Foe,Successive Actions. -2 Accuracy.
Double Team,normal,SUPPORT,0,,,DEXTERITY,EVASION,User,Increase the User's Evasion by 2.
Double-Edge,normal,PHYSICAL,5,STRENGTH,,STRENGTH,BRAWL,Foe,Recoil.
Draco Meteor,dragon,SPECIAL,6,SPECIAL,,SPECIAL,CHANNEL,Foe,Lethal. Reduce User's Special.
Dragon Ascent,flying,PHYSICAL,5,STRENGTH,,STRENGTH,BRAWL,Foe,Lethal. Reduce the user’s Defense and Sp. Defense.
Dragon Breath,dragon,SPECIAL,2,SPECIAL,,DEXTERITY,CHANNEL,Foe,Roll 3 Chance Dice to Paralyze the foe.
Dragon Claw,dragon,PHYSICAL,3,STRENGTH,,DEXTERITY,BRAWL,Foe,-
Dragon Dance,dragon,SUPPORT,0,,,TOUGH,PERFORM,User,Increase the User's Strength and Dexterity.
Dragon Darts,dragon,PHYSICAL,2,STRENGTH,,DEXTERITY,CHANNEL,Foe,Ranged. Double Action
Dragon Hammer,dragon,PHYSICAL,3,STRENGTH,,STRENGTH,BRAWL,Foe,-
Dragon Pulse,dragon,SPECIAL,3,SPECIAL,,DEXTERITY,CHANNEL,Foe,-
Dragon Rage,dragon,SPECIAL,0,,,DEXTERITY,CHANNEL,Foe,This moves always inflicts 2 damage.
Dragon Rush,dragon,PHYSICAL,4,STRENGTH,,DEXTERITY,BRAWL,Foe,Roll 2 Chance Dice to Flinch the foe.
Dragon Tail,dragon,PHYSICAL,2,STRENGTH,,DEXTERITY,BRAWL,Foe,Low Priority. The target is hit and knocked back to its trainer. stunned. Forcing the trainer to send another Pokémon. In the wild the target is sent away. Switcher Move.
Drain Punch,fighting,PHYSICAL,3,STRENGTH,,DEXTERITY,BRAWL,Foe,Fist Based. The user restore HP equal to half the damage dealt. rounded down.
Draining Kiss,fairy,SPECIAL,2,SPECIAL,,DEXTERITY,CHANNEL,Foe,The User restores HP equal to half the damage dealt. rounded down.
Dream Eater,psychic,SPECIAL,4,SPECIAL,,SPECIAL,CHANNEL,Foe,The user restores HP equal to half the damage dealt. rounded down. The target must be asleep. this move will fail otherwise.
Drill Peck,flying,PHYSICAL,3,STRENGTH,,DEXTERITY,BRAWL,Foe,Lethal.
Drill Run,ground,PHYSICAL,3,STRENGTH,,DEXTERITY,BRAWL,Foe,High Critical.
Drum Breating,grass,PHYSICAL,3,STRENGTH,,DEXTERITY,PERFORM,Foe,Reduce the Foe’s Dexterity
Dual Chop,dragon,PHYSICAL,2,STRENGTH,,DEXTERITY,BRAWL,Foe,Double Action.
Dynamax Cannon,dragon,SPECIAL,4,SPECIAL,,SPECIAL,CHANNEL,Foe,"If the Foe is under the effects of Dynamax, This Move becomes Lethal and you add 4 Extra Dice to the Damage Pool."
Dynamic Punch,fighting,PHYSICAL,4,STRENGTH,,DEXTERITY,BRAWL,Foe,Fist Based. Confuse the foe.
Earth Power,ground,SPECIAL,3,SPECIAL,,DEXTERITY,CHANNEL,Foe,Roll 1 Chance Dice to Reduce the foe's Sp. Defense.
Earthquake,ground,PHYSICAL,4,STRENGTH,,DEXTERITY,BRAWL,Area,Area Attack. Ranged.
Echoed Voice,normal,SPECIAL,2,SPECIAL,,DEXTERITY,CHANNEL,Foe,Sound Based. This move can be used many times in the same Round. Add 1 Extra Dice to the Damage Pool for every consecutive action the user performs. Up to 8 dice may be added this way. If the user performs another action the damage resets.
Eerie Impulse,electric,SUPPORT,0,,,INSIGHT,NATURE,Foe,Reduce foe's Special by 2.
Egg Bomb,normal,PHYSICAL,4,STRENGTH,,DEXTERITY,BRAWL,Foe,Ranged. -2 Accuracy.
Electric Terrain,electric,SUPPORT,0,,,INSIGHT,NATURE,Battlefield,"For the Next 4 Rounds all Electric Attacks will deal 1 Extra Dice of Damage. Anyone on the ground will from ""Sleep"" Status."
Electrify,electric,SUPPORT,0,,,INSIGHT,NATURE,Foe,The Damage from the next attack made by the target will be Electric Type.
Electro Ball,electric,SPECIAL,2,STRENGTH,,DEXTERITY,CHANNEL,Foe,The user adds 1 Dice to the Damage Pool for every Dexterity point the User has that surpasses the foe's. Up to 4 Dice may be added.
Electroweb,electric,SPECIAL,2,SPECIAL,,DEXTERITY,CHANNEL,All Foes,Reduce Dexterity of those affected.
Embargo,dark,SUPPORT,0,,,TOUGH,INTIMIDATE,Foe,The target cannon use its held item. nor can its traner use items on it.
Ember,fire,SPECIAL,2,SPECIAL,,DEXTERITY,CHANNEL,Foe,Roll 2 Chance Dice to Burn the Foe.
Encore,normal,SUPPORT,0,,,COOL,ALLURE,Foe,For the duration of this effect. the target will repeat the exact same action sequence it had this round. Target must have had an action sequence. Last 4 Rounds. Priority 3.
Endeavor,normal,SUPPORT,0,,,WILL,CHANNEL,Foe,Roll Damage equal to the Difference between user's Full HP and its Current HP (up to 10). User cannot reduce the target's HP to lower than its own remaining HP. Ignore foe's Defenses.
Endure,normal,SUPPORT,0,,,WILL,CHANNEL,User,Priority 5. Shield. The user cannot be reduced to less than 1 HP due to the next attack. Status ailments. Recoil or self inflicted damage will still affect it.
Energy Ball,grass,SPECIAL,3,SPECIAL,,DEXTERITY,CHANNEL,Foe,Roll 1 Chance Dice to Reduce foe's Sp. Defense.
Entrainment,normal,SUPPORT,0,,,COOL,PERFORM,Foe,The target's Ability is replaced by the User's own Ability. (ie. Luvdiscs's Swift Swim Ability will replace Geodude's Sturdy Ability).
Eruption,fire,SPECIAL,6,SPECIAL,,SPECIAL,CHANNEL,All Foes,Lethal. Reduce 1 Dice from the Damage Pool for every missing HP the User has. Up to 5 dice may be removed this way.
Eternabeam,dragon,SPECIAL,7,SPECIAL,,SPECIAL,CHANNEL,Foe,Lethal. Must Recharge
Explosion,normal,PHYSICAL,10,STRENGTH,,STRENGTH,BRAWL,Area,After the damage is dealt. the User faints. Lethal.
Extrasensory,psychic,SPECIAL,3,SPECIAL,,DEXTERITY,CHANNEL,Foe,Roll 1 Chance Dice to Flinch the foe.
Extreme Speed,normal,PHYSICAL,3,STRENGTH,,DEXTERITY,BRAWL,Foe,Priority 2. Triple the Pokémon movement speed.
Facade,normal,PHYSICAL,3,STRENGTH,,DEXTERITY,BRAWL,Foe,If User's got a Status Ailment (Paralysis. Poison. Burn. etc.) Add 3 Dice to the Damage Roll of this move.
Fairy Lock,fairy,SUPPORT,0,,,INSIGHT,NATURE,Battlefield,Blocks. Last 1 Round.
Fairy Wind,fairy,SPECIAL,2,SPECIAL,,DEXTERITY,CHANNEL,Foe,-
Fake Out,normal,PHYSICAL,2,STRENGTH,,DEXTERITY,BRAWL,Foe,Priority. Flinch the foe. This move will only work the First Round the Pokémon is out in battle. From the second round on. it will fail automatically.
Fake Tears,dark,SUPPORT,0,,,CUTE,PERFORM,Foe,Reduce the foe's Sp. Defense by 2.
False Surrender,dark,PHYSICAL,3,STRENGTH,,INSIGHT,ALLURE,Foe,Never Fail.
False Swipe,normal,PHYSICAL,2,STRENGTH,,DEXTERITY,BRAWL,Foe,The foe will always keep at least one HP when hit by this Move.
Feather Dance,flying,SUPPORT,0,,,BEAUTY,PERFORM,Foe,Reduce the foe's Strength by 2.
Feint,normal,PHYSICAL,1,STRENGTH,,DEXTERITY,BRAWL,Foe,Priority 2. This Move ignores any Shielding Move.
Feint Attack,dark,PHYSICAL,2,STRENGTH,,DEXTERITY,BRAWL,Foe,Never Fail.
Fell Stinger,bug,PHYSICAL,1,STRENGTH,,DEXTERITY,BRAWL,Foe,If the foe faints due to damage from this attack. Increase the user's Strength.
Fiery Dance,fire,SPECIAL,3,SPECIAL,,DEXTERITY,PERFORM,Foe,Roll 5 Chance Dice to Increase the User's Special.
Final Gambit,fighting,SPECIAL,0,,,WILL,ATHLETIC,Foe,Ignore the foe's Defenses. The user faints after dealing damage.
Fire Blast,fire,SPECIAL,5,SPECIAL,,SPECIAL,CHANNEL,Foe,Lethal. Roll 3 Chance Dice to apply Burn 3 to the foe.
Fire Fang,fire,PHYSICAL,2,STRENGTH,,DEXTERITY,BRAWL,Foe,Roll 2 Chance to Flinch the Foe. Roll 2 Chance Dice to Burn the foe.
Fire Lash,fire,PHYSICAL,3,STRENGTH,,DEXTERITY,BRAWL,Foe,Reduce Foe's Defense.
Fire Pledge,fire,SPECIAL,2,SPECIAL,,DEXTERITY,CHANNEL,Battlefield,All flammable plants and objects in the battlefield are covered in flames. Roll 1 Dice of Fire Damage at the end of every Round against everyone on the field.
Fire Punch,fire,PHYSICAL,3,STRENGTH,,DEXTERITY,BRAWL,Foe,Fist Based. Roll 1 Chance Dice to apply Burn 2 to the foe.
Fire Spin,fire,SPECIAL,2,SPECIAL,,DEXTERITY,CHANNEL,Foe,Blocks. Roll 2 Dice of Damage against the foe at the end of each Round. Lasts 4 Rounds.
First Impression,bug,PHYSICAL,3,STRENGTH,,STRENGTH,INTIMIDATE,Foe,Priority. This move will only work the First Round the Pokémon is out in battle. From the second round on. it will fail automatically.
Fishious Rend,water,PHYSICAL,3,STRENGTH,,DEXTERITY,BRAWL,Foe,"If the foe has not had its Turn this Round, Add 2 Extra Dice to the Damage Pool."
Fissure,ground,SUPPORT,0,,,STRENGTH,BRAWL,Foe,Ranged. Deal damage to the Target equal to their remaining HP. -5 Accuracy.
Flail,normal,PHYSICAL,1,STRENGTH,,DEXTERITY,BRAWL,Foe,Add 1 Dice to the Damage Roll for every last HP the user has. up to +8.
Flame Burst,fire,SPECIAL,3,SPECIAL,,DEXTERITY,CHANNEL,Foe,After dealing damage. the user may roll 1 Dice of Damage against two othe Targets.
Flame Charge,fire,PHYSICAL,2,STRENGTH,,DEXTERITY,BRAWL,Foe,Increase the User's Dexterity.
Flame Wheel,fire,PHYSICAL,2,STRENGTH,,DEXTERITY,BRAWL,Foe,Roll 1 Chance Dice to Burn the foe.
Flamethrower,fire,SPECIAL,3,SPECIAL,,DEXTERITY,CHANNEL,Foe,Roll 1 Chance Dice to Apply Burn 2 to the foe.
Flare Blitz,fire,PHYSICAL,5,STRENGTH,,STRENGTH,BRAWL,Foe,Recoil. Roll 1 Chance Dice to Apply Burn 3 to the foe.
Flash,normal,SUPPORT,0,,,SPECIAL,CHANNEL,Foe,Reduce 1 Dice to the foe's Accuracy.
Flash Cannon,steel,SPECIAL,3,SPECIAL,,DEXTERITY,CHANNEL,Foe,Roll 1 Chance Dice to Reduce the foe's Sp. Defense.
Flatter,dark,SUPPORT,0,,,COOL,ALLURE,Foe,Reduce the foe's Special. Confuse foe.
Fleur Cannon,fairy,SPECIAL,6,SPECIAL,,SPECIAL,CHANNEL,Foe,Lethal. Reduce User’s Special.
Fling,dark,PHYSICAL,1,STRENGTH,,DEXTERITY,BRAWL,Foe,Ranged. Add up to 4 Dice to the Damage Pool. depending on the held item thrown. See P. 368 for more info.
Floaty Fall,flying,PHYSICAL,3,STRENGTH,,DEXTERITY,BRAWL,Foe,"Roll 3 Chance Dice to Flinch the Foe. If the user of this Move is at its Final Stage of Evolution, this move fails."
Floral Healing,fairy,SUPPORT,0,,,INSIGHT,NATURE,One Ally,Basic Heal. If performed over Grassy Terrain this move is a Complete Heal.
Flower Shield,fairy,SUPPORT,0,,,INSIGHT,NATURE,Battlefield,Increase the Defense of All Grass Type Pokémon on the field.
Fly,flying,PHYSICAL,3,STRENGTH,,DEXTERITY,BRAWL,Foe,Charge Move. While charging this move. the User will be out of range. with the exception of the attacks Hurricane and Thunder.
Flying Press,fighting,PHYSICAL,3,STRENGTH,,DEXTERITY,BRAWL,Foe,When Dealing damage with this move. it counts as if this move was also Flying Type.
Focus Blast,fighting,SPECIAL,5,SPECIAL,,SPECIAL,CHANNEL,Foe,Roll 1 Chance Dice to Reduce foe's Sp. Defense.
Focus Energy,normal,SUPPORT,0,,,INSIGHT,CHANNEL,User,All your moves have High Critical. Lasts for the rest of the scene.
Focus Punch,fighting,PHYSICAL,6,STRENGTH,,STRENGTH,BRAWL,Foe,Fist Based. Charge Move. The User will flinch if it gets hit before releasing this attack.
Follow Me,normal,SUPPORT,0,,,COOL,PERFORM,User,Foes will target the user this turn. Priority 5.
Force Palm,fighting,PHYSICAL,2,STRENGTH,,DEXTERITY,BRAWL,Foe,Roll 3 Chance Dice to Paralyze the foe.
Foresight,normal,SUPPORT,0,,,INSIGHT,ALERT,Foe,Ignore any Increase in the foe's Evasion. User's Normal and Fighting Moves can affect Ghost Types and Ghost Moves can affect Normal Types.
Forest's Curse,grass,SUPPORT,0,,,WILL,NATURE,Foe,Add the Grass Type to the Target's Type (ie. Nidoran will now be Poison/Grass Heracross will now be Bug/Fight/Grass). If the Pokémon already has a third type attached. replace it.
Foul Play,dark,PHYSICAL,3,,,DEXTERITY,BRAWL,Foe,S.T.A.B of the user and Strength of the foe apply for this move's damage.
Freeze Dry,ice,SPECIAL,3,SPECIAL,,DEXTERITY,CHANNEL,Foe,Water type Pokémon are dealt 2 Added Automated Damage.
Freeze Shock,ice,PHYSICAL,6,STRENGTH,,SPECIAL,CHANNEL,Foe,Lethal. Ranged. Charge Move. Roll 3 Chance Dice to Paralyze the Foe. -1 Accuracy.
Freezy Frost,ice,SPECIAL,3,SPECIAL,,SPECIAL,CHANNEL,Foe,"Is succesful, remove all Increased or Reduced Attributes and Traits the Foe may have. If the user of this Move is at its Final Stage of Evolution, this move fails. -1 Accuracy."
Frenzy Plant,grass,SPECIAL,6,SPECIAL,,SPECIAL,CHANNEL,Foe,Must Recharge.
Frost Breath,ice,SPECIAL,2,SPECIAL,,DEXTERITY,CHANNEL,Foe,This Move is always a Critical Hit and it gets the proper bonus for it. -1 Accuracy.
Frustration,normal,PHYSICAL,0,STRENGTH,MISSING HAPPINESS,DEXTERITY,BRAWL,Foe,Add +1 Dice to the Damage Roll for every missing point of Happiness on the User.
Fury Attack,normal,PHYSICAL,1,STRENGTH,,DEXTERITY,BRAWL,Foe,Successive Actions. -1 Accuracy.
Fury Cutter,bug,PHYSICAL,1,STRENGTH,,DEXTERITY,BRAWL,Foe,Successive Actions.
Fury Swipes,normal,PHYSICAL,1,STRENGTH,,DEXTERITY,BRAWL,Foe,Successive Actions. -1 Accuracy.
Fusion Bolt,electric,PHYSICAL,4,STRENGTH,,STRENGTH,CHANNEL,Foe,"Lethal. If the Move “Fusion Flare” has already been used by anyone this Round, add 4 Extra Dice to the Damage Pool of this Move."
Fusion Flare,fire,SPECIAL,4,SPECIAL,,SPECIAL,CHANNEL,Foe,"Lethal. If the Move “Fusion Bolt” has already been used by anyone this Round, add 4 Extra Dice to the Damage Pool of this Move"
Future Sight,psychic,SPECIAL,5,SPECIAL,,INSIGHT,CHANNEL,Foe,Strikes at the end of the next Round. It bypasses any Shield Move and cover. If the target retires or switches out from battle. the damage will be dealt to the next opponent or to one of its allies.
Gastro Acid,poison,SUPPORT,0,,,SPECIAL,CHANNEL,Foe,Until the end of the Scene. eliminate any effect the foe's Ability would do.
Gear Grind,steel,PHYSICAL,2,STRENGTH,,DEXTERITY,BRAWL,Foe,Double Action.
Gear Up,steel,SUPPORT,0,,,VITALITY,CHANNEL,One Ally,Increase the Strength and Special of one Steel-Type or Electric-Type Ally.
Geomancy,fairy,SUPPORT,0,,,INSIGHT,NATURE,User,"Charge Move. The user charges, then Increases by 2 its Dexterity, Special and Sp. Defense scores on its next Turn."
Giga Drain,grass,SPECIAL,3,SPECIAL,,DEXTERITY,CHANNEL,Foe,Ther user restores HP equal to half the damage dealt. rounded down.
Giga Impact,normal,PHYSICAL,6,STRENGTH,,STRENGTH,BRAWL,Foe,Must Recharge. Lethal.
Glaciate,ice,SPECIAL,2,SPECIAL,,DEXTERITY,CHANNEL,All Foes,Lethal. All Foes in Range. Reduce the Dexterity of those affected.
Glare,normal,SUPPORT,0,,,TOUGH,INTIMIDATE,Foe,Paralyze the foe. -1 Accuracy.
Glitzy Glow,psychic,SPECIAL,3,SPECIAL,,SPECIAL,CHANNEL,Foe,"If successful, for the next 4 Rounds the User and Allies will receive 1 less damage from Special Attacks. This effect does not stack. If the user of this Move is at its Final Stage of Evolution, this move fails."
Grass Knot,grass,SPECIAL,1,SPECIAL,,DEXTERITY,CHANNEL,Foe,Add 1 Extra Dice to the Damage Pool for every 50 kgs. of weight on the foe. up to +4 Extra Dice.
Grass Pledge,grass,SPECIAL,2,SPECIAL,,DEXTERITY,CHANNEL,Battlefield,Reduce the Dexterity of those affected.
Grass Whistle,grass,SUPPORT,0,,,SPECIAL,PERFORM,Foe,Sound Based. Put the Target to Sleep. -3 Accuracy.
Grassy Terrain,grass,SUPPORT,0,,,SPECIAL,NATURE,Battlefield,For the next 4 Rounds. User and Allies on the ground Restore 1 HP at the end of each round. Add 1 Extra Dice to the Damage Rolls of Grass Type Moves.
Grav Apple,grass,PHYSICAL,3,STRENGTH,,DEXTERITY,CHANNEL,Foe,Ranged. Reduce the Foe’s Defense.
Gravity,psychic,SUPPORT,0,,,SPECIAL,CHANNEL,Battlefield,Flying and Levitating Pokémon can be hit by Ground Type Moves. Lasts 4 Rounds.
Growl,normal,SUPPORT,0,,,,PERFORM,All Foes,"Reduce the foe's Strength. Sound Based. ""Growl (Cute/Tough)"", the user should use the one with highest stat (tough / cute)"
Growl (Cute),normal,SUPPORT,0,,,CUTE,PERFORM,All Foes,"Reduce the foe's Strength. Sound Based. Same move as ""Growl (Tough)"", the user should use the one with highest stat (tough / cute)"
Growl (Tough),normal,SUPPORT,0,,,TOUGH,PERFORM,All Foes,"Reduce the foe's Strength. Sound Based. Same move as ""Growl (Cute)"", the user should use the one with highest stat (tough / cute)"
Growth,normal,SUPPORT,0,,,SPECIAL,NATURE,User,Increase the User's Strength and Special.
Grudge,ghost,SUPPORT,0,,,WILL,CHANNEL,Foe,The User Faints. The foe gets its Will depleted. The Target may make a Loyalty roll. if the result is equal or superior to the User's Grudge Roll. it may keep 1 point of Will.
Guard Split,psychic,SUPPORT,0,,,SPECIAL,CHANNEL,Foe,Average your Defense and Sp. Defense with your target.
Guard Swap,psychic,SUPPORT,0,,,SPECIAL,CHANNEL,Foe,Switch your Defense and Sp. Defense with your foe.
Guillotine,normal,SUPPORT,0,,,DEXTERITY,BRAWL,Foe,The target is dealt damage equal to its remaining HP. -5 Accuracy.
Gunk Shot,poison,PHYSICAL,5,STRENGTH,,STRENGTH,BRAWL,Foe,Ranged. Roll 3 Chance Dice to Poison the Foe. -2 Accuracy.
Gust,flying,SPECIAL,2,SPECIAL,,DEXTERITY,CHANNEL,Foe,-
Gyro Ball,steel,PHYSICAL,1,STRENGTH,,DEXTERITY,BRAWL,Foe,Add 1 Extra Dice to the Damage pool for every point of Dexterity the Foe has that surpasses the user's. Up to 5 Dice may be added this way.
Hail,ice,SUPPORT,0,,,SPECIAL,NATURE,Battlefield,Hail Weather is activated for the next 4 Rounds.
Hammer Arm,fighting,PHYSICAL,4,STRENGTH,,DEXTERITY,BRAWL,Foe,After dealing damage. Reduce user's Dexterity.
Harden,normal,SUPPORT,0,,,VITALITY,NATURE,User,Increase the User's Defense.
Haze,ice,SUPPORT,0,,,SPECIAL,NATURE,Battlefield,Remove all Increased or Reduced Attributes and Traits on everyone on the Battlefield.
Head Charge,normal,PHYSICAL,5,STRENGTH,,STRENGTH,BRAWL,Foe,Recoil.
Head Smash,rock,PHYSICAL,6,STRENGTH,,STRENGTH,BRAWL,Foe,Recoil.
Headbutt,normal,PHYSICAL,3,STRENGTH,,DEXTERITY,BRAWL,Foe,Roll 3 Chance Dice to Flinch. May call Random Encounters when hitting trees.
Heal Bell,normal,SUPPORT,0,,,SPECIAL,PERFORM,User and Allies,Cure the User and allies suffering from Status Conditions. they don't need to be on the battlefield to get this effect. Sound Based.
Heal Block,psychic,SUPPORT,0,,,SPECIAL,CHANNEL,Area,No one can regain any lost HP. Lasts 4 Rounds.
Heal Order,bug,SUPPORT,0,,,TOUGH,NATURE,User,Basic Heal.
Heal Pulse,psychic,SUPPORT,0,,,WILL,CHANNEL,One Ally,Basic Heal.
Healing Wish,psychic,SUPPORT,0,,,WILL,CHANNEL,One Ally,The User faints. One Ally is completely healed from all damage and status ailments.
Heart Stamp,psychic,PHYSICAL,2,STRENGTH,,INSIGHT,ALLURE,Foe,Roll 3 Chance Dice to Flinch the foe.
Heart Swap,psychic,SUPPORT,0,,,INSIGHT,ALLURE,Foe,Switch any Trait Increase/Decrease with the target.
Heat Crash,fire,PHYSICAL,2,SPECIAL,,STRENGTH,BRAWL,Foe,Add 1 Extra Dice to the Damage Pool for every 50 kgs. of weight above the target's weight. up to +4 Extra Dice.
Heat Wave,fire,SPECIAL,3,SPECIAL,,DEXTERITY,CHANNEL,All Foes,Target all foes in Range. Roll 1 Chance Dice to Burn those affected.
Heavy Slam,steel,PHYSICAL,1,STRENGTH,,DEXTERITY,BRAWL,Foe,Add 1 Extra Dice for every 50 kgs. of weight above the target's weight. up to +4 Extra Dice.
Helping Hand,normal,SUPPORT,0,,,DEXTERITY,PERFORM,One Ally,Target Pokémon gets 2 Extra Dice on its next Skill. Accuracy and Damage Rolls. Priority 5.
Hex,ghost,SPECIAL,2,SPECIAL,,DEXTERITY,CHANNEL,Foe,If the Target is affected by a Status Ailment add 2 Extra Dice to the Damage Pool.
Hidden Power,normal,SPECIAL,0,,,,,Foe,Storyteller decides power and type
High Horsepower,ground,PHYSICAL,3,STRENGTH,,DEXTERITY,BRAWL,Foe,-
High Jump Kick,fighting,PHYSICAL,5,STRENGTH,,DEXTERITY,BRAWL,Foe,If Accuracy Roll is unsuccessful. deal 5 Dice of Damage to the User.
Hone Claws,dark,SUPPORT,0,,,INSIGHT,NATURE,User,Increase the User's Strength and Accuracy.
Horn Attack,normal,PHYSICAL,2,STRENGTH,,DEXTERITY,BRAWL,Foe,-
Horn Drill,normal,SUPPORT,0,,,DEXTERITY,BRAWL,Foe,The target is dealt damage equal to its remaining HP. -5 Accuracy.
Horn Leech,grass,PHYSICAL,3,STRENGTH,,DEXTERITY,BRAWL,Foe,The User restores HP equal to half the damage dealt. rounded down.
Howl,normal,SUPPORT,0,,,COOL,INTIMIDATE,User,Increase the User's Strength.
Hurricane,flying,SPECIAL,5,SPECIAL,,SPECIAL,CHANNEL,Foe,Lethal. Roll 3 Chance Dice to Confuse the Foe. If performed under Rain Weather. Add 3 Extra Dice to the Accuracy Roll.
Hydro Cannon,water,SPECIAL,6,SPECIAL,,SPECIAL,CHANNEL,Foe,Must Recharge.
Hydro Pump,water,SPECIAL,5,SPECIAL,,SPECIAL,CHANNEL,User,-
Hyper Beam,normal,SPECIAL,6,SPECIAL,,SPECIAL,CHANNEL,Foe,Must Recharge. Lethal. -1 Accuracy.
Hyper Fang,normal,PHYSICAL,3,STRENGTH,,DEXTERITY,BRAWL,Foe,Roll 1 Chance Dice to Flinch.
Hyper Voice,normal,SPECIAL,3,SPECIAL,,DEXTERITY,CHANNEL,All Foes,Sound Based.
Hyperspace Fury,dark,PHYSICAL,4,STRENGTH,,DEXTERITY,BRAWL,Foe,Never Fails. Ignores the effect of any Shield Move the Foe might have used. Reduce the user’s Defense.
Hyperspace Hole,psychic,SPECIAL,3,SPECIAL,,INSIGHT,CHANNEL,Foe,Ignore Defenses. Never Miss. This Move Bypasses the effects of any Shield Move effect on the foe.
Hypnosis,psychic,SUPPORT,0,,,INSIGHT,ALLURE,Foe,Put the target to sleep. Dark-Type Pokémon are affected by this move. -4 Accuracy.
Ice Ball,ice,PHYSICAL,1,STRENGTH,,DEXTERITY,BRAWL,Foe,Successive Actions. Add 1 Extra Dice to the Damage Roll of the last Ice Ball hit the user performes. If the Pokémon used Defense Curl this Round. add 1 Extra Dice to the Damage Roll of every hit. -1 Accuracy.
Ice Beam,ice,SPECIAL,3,SPECIAL,,DEXTERITY,CHANNEL,Foe,Roll 1 Chance Dice to Freeze the Foe.
Ice Burn,ice,SPECIAL,6,SPECIAL,,SPECIAL,CHANNEL,Foe,Lethal. Ranged. Charge Move. Roll 3 Chance Dice to Burn the Foe. -1 Accuracy.
Ice Fang,ice,PHYSICAL,2,STRENGTH,,DEXTERITY,BRAWL,Foe,Roll 2 Chance Dice to Flinch the foe. Roll 2 Chance Dice to Freeze the foe. -1 Accuracy.
Ice Hammer,ice,PHYSICAL,4,STRENGTH,,STRENGTH,BRAWL,Foe,Reduce User's Dexterity. -1 Accuracy.
Ice Punch,ice,PHYSICAL,3,STRENGTH,,DEXTERITY,BRAWL,Foe,Fist Based. Roll 1 Chance Dice to Freeze the foe.
Ice Shard,ice,PHYSICAL,2,STRENGTH,,DEXTERITY,BRAWL,Foe,Ranged. Priority.
Icicle Crash,ice,PHYSICAL,3,STRENGTH,,DEXTERITY,BRAWL,Foe,Roll 3 Chance Dice to Flinch the Foe. -1 Accuracy.
Icicle Spear,ice,PHYSICAL,1,STRENGTH,,DEXTERITY,BRAWL,Foe,Ranged. Successive Actions.
Icy Wind,ice,SPECIAL,2,SPECIAL,,DEXTERITY,CHANNEL,All Foes,Reduce Dexterity of those affected.
Imprison,psychic,SUPPORT,0,,,CLEVER,CHANNEL,Foe,The foe cannot use any Moves known by the User. Lasts for a day.
Incinerate,fire,SPECIAL,1,SPECIAL,,DEXTERITY,CHANNEL,All Foes,Destroy the held Berries of those affected.
Inferno,fire,SPECIAL,4,SPECIAL,,DEXTERITY,CHANNEL,Foe,Lethal. Apply Burn 3 to the Foe.
Infestation,bug,SPECIAL,1,SPECIAL,,DEXTERITY,CHANNEL,Foe,Blocks. Roll 2 Dice of Damage against the foe at the end of each Round. Lasts 4 Rounds.
Ingrain,grass,SUPPORT,0,,,SPECIAL,NATURE,User,User Heals 1 HP at the end of every Round. While this move is active the User cannot flee or switch out from battle.
Instruct,psychic,SUPPORT,0,,,CLEVER,PERFORM,Foe,"Selected Target repeats their last mvoe used this Round. taking the successes on the Accuracy Roll of ""Instruct"" as if they were for their move. Target must have previously used a successful move during the Round. other ""Instruct"" will fail."
Ion Deluge,electric,SUPPORT,0,,,INSIGHT,NATURE,Battlefield,For the rest of the Scene. Normal Type Moves will deal damage as if they were Electric Type Moves.
Iron Defense,steel,SUPPORT,0,,,VITALITY,CHANNEL,User,Increase the User's Defense.
Iron Head,steel,PHYSICAL,3,STRENGTH,,DEXTERITY,BRAWL,Foe,Roll 3 Chance Dice to Flinch the Foe.
Iron Tail,steel,PHYSICAL,4,STRENGTH,,DEXTERITY,BRAWL,Foe,Roll 3 Chance Dice to Reduce the foe's Defense.
Jaw Lock,dark,PHYSICAL,4,STRENGTH,,STRENGTH,BRAWL,Foe,Both User and Target are Blocked.
Judgement,normal,SPECIAL,0,SPECIAL,,INSIGHT,INTIMIDATE,Foe,"Ignore Defenses. This Move is considered to be any Type the user wants. If something would prevent this Move from dealing Damage, ignore it. This Move can’t be Clashed. This Move’s Power and extra Added Effects are decided by the Storyteller."
Jump Kick,fighting,PHYSICAL,4,STRENGTH,,DEXTERITY,BRAWL,Foe,If Accuracy Roll is unsuccessful. deal 4 Dice of Damage to the User.
Karate Chop,fighting,PHYSICAL,3,STRENGTH,,DEXTERITY,BRAWL,Foe,High Critical.
Kinesis,psychic,SUPPORT,0,,,SPECIAL,CHANNEL,Foe,Lower the foe's Accuracy.
King's Shield,steel,SUPPORT,0,,,DEXTERITY,BRAWL,Foe,Priority 3. Shield. If the foe was using a Physical Move. Reduce the foe's Strength by 2. Reduce 3 Dice from the foe's Damage.
Knock Off,dark,PHYSICAL,2,STRENGTH,,DEXTERITY,BRAWL,Foe,The target Pokémon loses its held item.
Land's Wrath,ground,PHYSICAL,3,STRENGTH,,STRENGTH,CHANNEL,All Foes,Lethal. Ranged. All Foes in Range.
Laser Focus,normal,SUPPORT,0,,,INSIGHT,ALERT,User,The next time the user lands a hit. it will be treated as if it were a Critical Hit.
Last Resort,normal,PHYSICAL,6,STRENGTH,,DEXTERITY,BRAWL,Foe,It can be used only after the Pokémon has performed all its known moves at least once during the battle.
Lava Plume,fire,SPECIAL,3,SPECIAL,,DEXTERITY,CHANNEL,Area,Roll 3 Chance Dice to Burn those affected.
Leaf Blade,grass,PHYSICAL,3,STRENGTH,,DEXTERITY,BRAWL,Foe,Lethal. High Critical.
Leaf Storm,grass,SPECIAL,6,SPECIAL,,SPECIAL,CHANNEL,Foe,Reduce the User's Special by 2. -1 Accuracy.
Leaf Tornado,grass,SPECIAL,2,SPECIAL,,DEXTERITY,CHANNEL,Foe,Roll 5 Chance Dice to Reduce the Foe's Accuracy. -1 Accuracy.
Leafage,grass,PHYSICAL,2,STRENGTH,,DEXTERITY,BRAWL,Foe,Ranged.
Leech Life,bug,PHYSICAL,1,STRENGTH,,DEXTERITY,BRAWL,Foe,The user restores HP equal to half the damage dealth. rounded down.
Leech Seed,grass,SUPPORT,0,,,SPECIAL,NATURE,Foe,At the end of the Round. Roll 1 Dice of Damage to the foe. restore 1 HP to the user for every damage dealt this way. Grass type Pokémon are immnue to this move. -1 Accuracy.
Leer,normal,SUPPORT,0,,,TOUGH,INTIMIDATE,All Foes,Reduce the Defense of those affected.
Lick,ghost,PHYSICAL,1,STRENGTH,,DEXTERITY,BRAWL,Foe,Roll 3 Chance Dice to Paralyze the Foe.
Life Dew,water,SUPPORT,0,,,SPECIAL,NATURE,User and Allies,"If successful, spend 1 Will point to activate. User and Allies in Range heal 1 HP at the end of each Round. Lasts 4 Rounds."
Light Screen,psychic,SUPPORT,0,,,SPECIAL,CHANNEL,User and Allies,User and Allies will receive 1 less Damage from Special Attacks. Lasts 4 Rounds.
Light of Ruin,fairy,SPECIAL,6,SPECIAL,,SPECIAL,CHANNEL,Foe,Lethal. Recoil
Light that Burns the Sky (Physical),psychic,PHYSICAL,8,STRENGTH,,DEXTERITY,CHANNEL,Foe,"Lethal. Never Miss. This Move’s Damage Pool, can be rolled with either the Strength or Special Attribute, dealing Physical or Special Damage respectively. Choose whatever is most convenient for the user."
Light that Burns the Sky (Special),psychic,SPECIAL,8,SPECIAL,,DEXTERITY,CHANNEL,Foe,"Lethal. Never Miss. This Move’s Damage Pool, can be rolled with either the Strength or Special Attribute, dealing Physical or Special Damage respectively. Choose whatever is most convenient for the user."
Liquidation,water,PHYSICAL,3,STRENGTH,,STRENGTH,BRAWL,Foe,Lethal. Roll 2 Chance Dice to Reduce the Foe's Defense.
Lock-On,normal,SUPPORT,0,,,INSIGHT,ALERT,User,The next attack the user performs has 2 automatic unremovable successes on its Accuracy Roll.
Lovely Kiss,normal,SUPPORT,0,,,MISSING BEAUTY,ALLURE,Foe,Put the Target to Sleep.
Low Kick,fighting,PHYSICAL,1,STRENGTH,,DEXTERITY,BRAWL,Foe,Add 1 Extra Dice to the Damage Pool for every 50 kgs. of weight on the foe. up to +4 Extra Dice.
Low Sweep,fighting,PHYSICAL,2,STRENGTH,,DEXTERITY,BRAWL,Foe,Reduce Foe's Dexterity.
Lucky Chant,normal,SUPPORT,0,,,SPECIAL,PERFORM,User and Allies,"User and Allies can ignore two ""1""s in all their rolls. If an opponent would land a Critical hit. it doesn't. Good things happen at the storyteller's discretion."
Lunar Dance,psychic,SUPPORT,,,,INSIGHT,PERFORM,One Ally,"The user Faints. One fallen Ally regains conciousness, has its HP fully restored and all Status Ailments healed. If the Ally was not in-battle, it is called out and ready to fight."
Lunge,bug,PHYSICAL,3,STRENGTH,,DEXTERITY,BRAWL,Foe,Reduce foe's Strength.
Luster Purge,psychic,SPECIAL,2,SPECIAL,,SPECIAL,CHANNEL,Foe,Roll 5 Chance Dice to Reduce the foe’s Sp. Defense. This Effect can be repeated up to 3 times per Target.
Mach Punch,fighting,PHYSICAL,2,STRENGTH,,DEXTERITY,BRAWL,Foe,Fist Based. Priority.
Magic Coat,psychic,SUPPORT,0,,,SPECIAL,CHANNEL,Foe,Priority 4. Redirect the effects of a Support Move that would affect the user or its side of the battlefield towards the foe's (ie. The foe used Stealth Rock. with Magic Coat it will now affect the foe's side isntead of yours).
Magic Powder,psychic,SUPPORT,0,,,SPECIAL,CHANNEL,Foe,Change the target’s Type to Psychic.
Magic Room,psychic,SUPPORT,0,,,SPECIAL,CHANNEL,Battlefield,No one can use their Held Item nor any other Item. Lasts 4 Rounds.
Magical Leaf,grass,SPECIAL,2,SPECIAL,,DEXTERITY,CHANNEL,Foe,Never Fail.
Magma Storm,fire,SPECIAL,4,SPECIAL,,SPECIAL,CHANNEL,Area,Area Attack. Roll 3 Chance Dice to Burn those affected.
Magnet Bomb,steel,SPECIAL,2,SPECIAL,,DEXTERITY,CHANNEL,Foe,Never Fail.
Magnet Rise,electric,SUPPORT,0,,,INSIGHT,NATURE,User,For the Next 4 Rounds the User gains immunity against Ground Type Moves.
Magnetic Flux,electric,SUPPORT,0,,,INSIGHT,NATURE,User and Allies,Increase the Defense and Sp. Defense of User and all its Electric and Steel Type Allies.
Magnitude,ground,PHYSICAL,0,STRENGTH,,DEXTERITY,BRAWL,Area,Ranged 1 Dice to determine this Move's Power
Mat Block,fighting,SUPPORT,0,,,DEXTERITY,ATHLETIC,User and Allies,Shield. Reduce 3 Dice from the foe's Damage Pool.
Me First,normal,PHYSICAL,0,,,DEXTERITY,BRAWL,Foe,Priority 1. The User copies and uses the Move the target was inteding to use. It must be a damaging Move.
Mean Look,normal,SUPPORT,0,,,TOUGH,INTIMIDATE,Foe,Blocks.
Meditate,psychic,SUPPORT,0,,,WILL,CHANNEL,User,This move only works if the foe just used a Special Attack. Roll the same Damage Pool as your foe’s last attack and add 2 Extra Damage Dice.
Mega Drain,grass,SPECIAL,2,SPECIAL,,DEXTERITY,CHANNEL,Foe,The user restores HP equal to half the damage dealt. rounded down.
Mega Kick,normal,PHYSICAL,5,STRENGTH,,DEXTERITY,BRAWL,Foe, -2 Accuracy.
Mega Punch,normal,PHYSICAL,3,STRENGTH,,DEXTERITY,BRAWL,Foe, -1 Accuracy.
Megahorn,bug,PHYSICAL,5,STRENGTH,,STRENGTH,BRAWL,Foe,Lethal Damage.
Memento,dark,SUPPORT,0,,,WILL,CHANNEL,Foe,The user faints. Reduce foe's Strength. Dexterity. Special. Defense and Sp. Defense by 2. Lasts for a whole scene.
Metal Burst,steel,PHYSICAL,0,,,DEXTERITY,BRAWL,Foe,This Move only works if the foe just used an attack. Roll the same Damage Pool as your foe's last attack and add 2 Extra Damage Dice.
Metal Claw,steel,PHYSICAL,2,STRENGTH,,DEXTERITY,BRAWL,Foe,Roll 1 Chance Dice to Increse the user's Strength.
Metal Sound,steel,SUPPORT,0,,,TOUGH,PERFORM,Foe,Sound Based. Reduce the foe's Special Defense by 2.
Meteor Assault,fighting,PHYSICAL,6,STRENGTH,,STRENGTH,BRAWL,Foe,Lethal. Must Recharge
Meteor Mash,steel,PHYSICAL,3,STRENGTH,,DEXTERITY,BRAWL,Foe,Fist Based. Roll 2 Chance Dice to Increase the User's Strength.
Metronome,normal,SPECIAL,0,,,DEXTERITY,PERFORM,Foe,Roll a dice to determine this move's power. The appearance and Type of this move may be changed at the Storyteller's Discretion.
Milk Drink,normal,SUPPORT,0,,,VITALITY,NATURE,User,"Basic Heal. If successful, spend 1 will point."
Mimic,normal,SUPPORT,0,,,CLEVER,PERFORM,Foe,Copies the last move the target used until the end of the scene. That move replaces Mimic.
Mind Blown,fire,SPECIAL,6,SPECIAL,,INSIGHT,CHANNEL,Area,Area Attack. Recoil.
Mind Reader,normal,SUPPORT,0,,,INSIGHT,CHANNEL,Foe,This Pokémon gets 2 automatic successes on the next Accuracy Roll or Evasion Roll against the target.
Minimize,normal,SUPPORT,0,,,SPECIAL,CHANNEL,User,Increase the User's Evasion.
Miracle Eye,psychic,SUPPORT,0,,,INSIGHT,ALERT,User,The User may hit Dark Type Pokémon with Psychic Moves. The Pokémon ignores Evasion modifiers. Opponents can't reduce the User's Accuracy.
Mirror Coat,psychic,SPECIAL,2,,,DEXTERITY,CHANNEL,Foe,The move only works if the foe just used a Special Attack. Roll the same Damage Pool as your foe's last attack and add 2 Extra Damage Dice.
Mirror Move,flying,SUPPORT,0,,,WILL,CHANNEL,Foe,Copies the last Damaging Move the foe has performed.
Mirror Shot,steel,SPECIAL,2,SPECIAL,,DEXTERITY,CHANNEL,Foe,Roll 3 Chance Dice to Confuse the foe.
Mist,ice,SUPPORT,0,,,SPECIAL,NATURE,User and Allies,For the next 4 Rounds. the User and Allies cannot have their Attributes or Traits reduced.
Mist Ball,psychic,SPECIAL,2,SPECIAL,,SPECIAL,CHANNEL,Foe,Roll 5 Chance Dice to Reduce the foe’s Special. This Effect can be repeated up to 3 times per Target.
Misty Terrain,fairy,SUPPORT,0,,,INSIGHT,NATURE,Battlefield,Creatures standing on the battlefield won't be affected by Status Ailments. Dragon Type attacks won't add their Power to the Damage Pool. Lasts 4 Rounds.
Moonblast,fairy,SPECIAL,3,SPECIAL,,SPECIAL,CHANNEL,Foe,Roll 3 Chance Dice to Reduce foe's Special.
Moongeist Beam,ghost,SPECIAL,4,SPECIAL,,SPECIAL,CHANNEL,Foe,"Lethal. If anything on the foe’s side would prevent this move from dealing damage (Pokémon Type, Abilities, Shield Moves, Weather or Barriers) ignore it. This Move cannot be Clashed."
Moonlight,fairy,SUPPORT,0,,,INSIGHT,NATURE,User,Basic Heal. If performed at night. this move becomes a Complete Heal.
Morning Sun,normal,SUPPORT,0,,,VITALITY,NATURE,Foe,Basic Heal. This Move only heals half the normal HP during the night. indoors or underground. Becomes a Complete Heal during Sunny Weather.
Mud Bomb,ground,SPECIAL,2,SPECIAL,,DEXTERITY,CHANNEL,Foe,Roll 3 Chance Dice to Reduce the Foe's Accuracy. -2 Accuracy.
Mud Shot,ground,SPECIAL,2,SPECIAL,,DEXTERITY,CHANNEL,Foe,Reduce the Foe's Dexterity.
Mud Slap,ground,SPECIAL,1,SPECIAL,,DEXTERITY,CHANNEL,Foe,Reduce the foe's Accuracy.
Mud Sport,ground,SUPPORT,0,,,SPECIAL,NATURE,Battlefield,For the next 4 Rounds Electric Type attacks won't add their Power to the Damage Pool.
Muddy Water,water,SPECIAL,3,SPECIAL,,DEXTERITY,CHANNEL,All Foes,Roll 3 Chance Dice to Reduce the Accuracy of those affected.
Multi-Attack,normal,PHYSICAL,3,STRENGTH,,DEXTERITY,BRAWL,Foe,This Move's type will always match the User's first Type.
Mystical Fire,fire,SPECIAL,2,SPECIAL,,DEXTERITY,CHANNEL,Foe,Reduce Foe's Special.
Name,Type,Category,Power,Power Modifier 1,Power Modifier 2,Accuracy Modifier 1,Accuracy Modifier 2,Target,Effect
Nasty Plot,dark,SUPPORT,0,,,CLEVER,ALERT,User,Increase the user's Special.
Natural Gift,normal,PHYSICAL,3,STRENGTH,,DEXTERITY,CHANNEL,Foe,User loses its held berry. Ranged. See Natural Gift on p.368 for more info.
Nature Power,normal,SPECIAL,3,SPECIAL,,SPECIAL,CHANNEL,Foe,The type of this move is determined by the environment. See Nature Power p.368 for more info.
Nature's Madness,fairy,SPECIAL,0,,,INSIGHT,NATURE,Foe,"Damage Roll is Half of the Foe’s remaining HP (up to 10) Rounded down. If the remaining HP of the foe is 1, this move fails. Ignore the foe’s Defenses."
Needle Arm,grass,PHYSICAL,2,STRENGTH,,DEXTERITY,BRAWL,Foe,Roll 3 Chance Dice to Flinch the Foe.
Night Daze,dark,SPECIAL,3,SPECIAL,,DEXTERITY,CHANNEL,Foe,Roll 4 Chance Dice to Reduce foe's Accuracy.
Night Shade,ghost,SPECIAL,0,,,INSIGHT,CHANNEL,Foe,Roll Damage Dice according to the User’s Rank. 1 Dice at Starter Rank; 2 Dice at Beginner Rank; 3 dice at Amateur Rank; 4 Dice at Ace Rank; 5 Dice at Professional Rank. Ignore the foe Defenses.
Night Slash,dark,PHYSICAL,3,STRENGTH,,DEXTERITY,BRAWL,Foe,Lethal. High Critical.
Nightmare,ghost,SUPPORT,0,,,WILL,CHANNEL,Foe,Will only work if the Target is asleep. Deal 1 Damage to the foe. Deal 1 Damage again at the beginning of each Round if the target is still asleep.
No Retreat,fighting,SUPPORT,0,,,INSIGHT,NATURE,User,"Increase the User’s Strength, Dexterity, Special, Defense and Sp. Defense."
Noble Roar,normal,SUPPORT,0,,,TOUGH,INTIMIDATE,Foe,Reduce the foe's Strength and Special.
Nuzzle,electric,PHYSICAL,1,STRENGTH,,DEXTERITY,BRAWL,Foe,Paralyze the foe.
Oblivion Wing,flying,SPECIAL,4,SPECIAL,,SPECIAL,CHANNEL,Foe,Lethal. High Critical.
Obstruct,dark,SUPPORT,0,,,DEXTERITY,INTIMIDATE,User,"Priority. Shield Move. * If the Foe used a Non-Ranged Physical Move against the user, Reduce its Defense."
Octazooka,water,SPECIAL,2,SPECIAL,,DEXTERITY,CHANNEL,Foe,Roll 5 Chance Dice to Reduce the foe's Accuracy.
Octolock,fighting,SUPPORT,0,,,STRENGTH,BRAWL,Foe,Block. Reduce the foe’s Defense and Sp. Defense.
Odor Sleuth,normal,SUPPORT,0,,,INSIGHT,ALERT,Foe,Ignore any Increase in the foe's Evasion. User's Normal and Fighting Moves can affect Ghost Types and Ghost Moves can affect Normal Types. Add all successful dice to any Rolls to track the target.
Ominous Wind,ghost,SPECIAL,2,SPECIAL,,DEXTERITY,CHANNEL,Foe,Roll 1 Chance Dice to Increase the User's Strength. Dexterity. Special. Defense. and Sp. Defense.
Origin Pulse,water,SPECIAL,4,SPECIAL,,SPECIAL,CHANNEL,Foe,Lethal.
Outrage,dragon,PHYSICAL,5,STRENGTH,,STRENGTH,BRAWL,Random Foe,Rampage.
Overdrive,electric,SPECIAL,3,SPECIAL,,DEXTERITY,PERFORM,All Foes,All Foes in Range. Sound Based.
Overheat,fire,SPECIAL,6,SPECIAL,,SPECIAL,CHANNEL,Foe,Lethal. Reduce User's Special by 2.
Pain Split,normal,SUPPORT,0,,,WILL,CHANNEL,Foe,For the rest of the scene. pool together the Pain Penalizations on the User and the Target. then divide them evenly between the two. If the result is an odd number. the foe will get the bigger Pain Penalization. HP remains the same.
Parabolic Charge,electric,SPECIAL,2,SPECIAL,,DEXTERITY,CHANNEL,Area,The user restores HP equal to half the damage dealth to one target. rounded down.
Parting Shot,dark,SUPPORT,0,,,TOUGH,INTIMIDATE,Foe,Reduce foe's Strength and Special. The user switches out. the new Pokémon arrives ready to fight on the nex Round. Switcher Move.
Pay Day,normal,PHYSICAL,2,STRENGTH,,DEXTERITY,BRAWL,Foe,Ranged. At the end of the battle give Money to the Trainer Equal to its Rank: Starter/Beginner - $20.00 Amateur - $50.00 Ace - $75.00 Pro - $100.00
Payback,dark,PHYSICAL,2,STRENGTH,,DEXTERITY,BRAWL,Foe,Add 2 Extra Dice to the Damage Pool if the target already damaged you this Round.
Peck,flying,PHYSICAL,2,STRENGTH,,DEXTERITY,BRAWL,Foe,-
Perish Song,normal,SUPPORT,0,,,BEAUTY,PERFORM,Area,After three rounds. if any Pokémon who heard the song is not removed from battle. it will receive its remaining HP as damage. Sound Based.
Petal Blizzard,grass,PHYSICAL,3,STRENGTH,,DEXTERITY,BRAWL,Area,-
Petal Dance,grass,SPECIAL,5,SPECIAL,,SPECIAL,CHANNEL,Random Foe,Rampage.
Phantom Force,ghost,PHYSICAL,3,STRENGTH,,STRENGTH,BRAWL,Foe,Charge Move. While charging this Move. other Moves will not affect the user. If the Target made a Shielding Action the shield is destroyed and won't have any effect.
Photon Geyser (Physical),psychic,PHYSICAL,4,STRENGTH,,DEXTERITY,CHANNEL,Foe,"This Move’s Damage Pool, can be rolled with either the Strength or Special Attribute, dealing Physical or Special Damage respectively. Choose whatever is most convenient for the user."
Photon Geyser (Special),psychic,SPECIAL,4,SPECIAL,,DEXTERITY,CHANNEL,Foe,"This Move’s Damage Pool, can be rolled with either the Strength or Special Attribute, dealing Physical or Special Damage respectively. Choose whatever is most convenient for the user."
Pika Papow,electric,SPECIAL,0,SPECIAL,HAPPINESS,DEXTERITY,CHANNEL,Foe,"Add 1 Die to the Damage Roll for every point of Happiness on the User. If the user of this Move is at its Final Stage of Evolution, this move fails."
Pin Missile,bug,PHYSICAL,1,STRENGTH,,DEXTERITY,BRAWL,Foe,Ranged. Successive Actions.
Plasma Fists,electric,PHYSICAL,4,STRENGTH,,DEXTERITY,BRAWL,Foe,"Fist Based. If successful, all Normal-Type Moves of the user will be considered ElectricType until the end of the Scene."
Play Nice,normal,SUPPORT,0,,,CUTE,ALLURE,Foe,Reduce the foe's Strength.
Play Rough,fairy,PHYSICAL,3,STRENGTH,,DEXTERITY,BRAWL,Foe,Roll 1 Chance Dice to Reduce foe's Strength.
Pluck,flying,PHYSICAL,2,STRENGTH,,DEXTERITY,BRAWL,Foe,Never Fail. If the Target is holding a Berry. the User eats it and gains its effects.
Poison Fang,poison,PHYSICAL,2,STRENGTH,,DEXTERITY,BRAWL,Foe,Roll 5 Chance Dice to Badly Poison the Foe.
Poison Gas,poison,SUPPORT,0,,,SPECIAL,CHANNEL,All Foes,Poison those affected. -1 Accuracy.
Poison Jab,poison,PHYSICAL,3,STRENGTH,,DEXTERITY,BRAWL,Foe,Roll 3 Chance Dice to Poison the Foe.
Poison Powder,poison,SUPPORT,0,,,SPECIAL,CHANNEL,Foe,Poison the Foe. -2 Accuracy.
Poison Sting,poison,PHYSICAL,1,STRENGTH,,DEXTERITY,BRAWL,Foe,Ranged. Roll 3 Chance Dice to Poison the Target.
Poison Tail,poison,PHYSICAL,2,STRENGTH,,DEXTERITY,BRAWL,Foe,High Critical. Roll 1 Chance Dice to Poison the Foe.
Pollen Puff,bug,SPECIAL,3,SPECIAL,,SPECIAL,CHANNEL,Foe,When this move is used against an ally. It will 1 HP instead of dealing damage.
Pound,normal,PHYSICAL,2,STRENGTH,,DEXTERITY,BRAWL,Foe,-
Powder,bug,SUPPORT,0,,,INSIGHT,NATURE,Foe,Add 3 Dice of Damage to the next Fire Type attack that hits the target.
Powder Snow,ice,SPECIAL,2,SPECIAL,,DEXTERITY,CHANNEL,All Foes,Roll 1 Chance Dice to Freeze those affected.
Power Gem,rock,SPECIAL,3,SPECIAL,,DEXTERITY,CHANNEL,Foe,-
Power Split,psychic,SUPPORT,0,,,SPECIAL,CHANNEL,Foe,Average the User's Strength and Special with the target.
Power Swap,psychic,SUPPORT,0,,,SPECIAL,CHANNEL,Foe,Switch your Strength and Special with your foe.
Power Trick,psychic,SUPPORT,0,,,SPECIAL,CHANNEL,User,Switch the User's Strength with its Defense and the User's Special with its Sp. Defense.
Power Trip,dark,PHYSICAL,1,STRENGTH,,DEXTERITY,BRAWL,Foe,Add 1 Dice to the Damage Pool of this Move for every Attribute increase the user has. Up to 7 Dice may be added this way. (ie. the user has 2 increased points on Defense. add 2 Damage dice).
Power Whip,grass,PHYSICAL,5,STRENGTH,,DEXTERITY,BRAWL,Foe, -2 Accuracy.
Power-up Punch,fighting,PHYSICAL,2,STRENGTH,,DEXTERITY,BRAWL,Foe,Fist Based. Increase User's Strength.
Precipice Blades,ground,PHYSICAL,5,STRENGTH,,STRENGTH,CHANNEL,All Foes,Lethal. Ranged. -2 Accuracy.
Present,normal,SUPPORT,0,,,CUTE,ALLURE,Foe,Roll dice with a 50-50 chance of dealing 2 set damage to the target or recovering 2 HP to the target. -1 Accuracy.
Prismatic Laser,psychic,SPECIAL,6,SPECIAL,,DEXTERITY,CHANNEL,Foe,Lethal. Must Recharge.
Protect,normal,SUPPORT,0,,,WILL,CHANNEL,User,Priority 5. Shield. Reduce 3 Dice from the foe's Damage Pool. Negate effects of Support Moves that target the user. Reduce to zero the set damage from a move the user would take.
Psybeam,psychic,SPECIAL,2,SPECIAL,,DEXTERITY,CHANNEL,Foe,Roll 1 Chance Dice to Confuse the foe.
Psych Up,normal,SUPPORT,0,,,INSIGHT,CHANNEL,Foe,Copy the Target's Attribute and Trait Modifiers and keep them until the end of the scene.
Psychic,psychic,SPECIAL,3,SPECIAL,,DEXTERITY,CHANNEL,Foe,Roll 1 Chance Dice to Reduce the foe's Sp. Defense.
Psychic Fangs,psychic,PHYSICAL,3,STRENGTH,,DEXTERITY,BRAWL,Foe,If a Barrier is in place on the foe's side (ie. Light Screen. Reflect) destroy it.
Psychic Terrain,psychic,SUPPORT,0,,,SPECIAL,CHANNEL,Battlefield,For the next 4 Rounds. all Psychic Attacks will deal 1 Extra Dice of Damage. No Pokémon on the ground can use moves with increased Priority.
Psycho Boost,psychic,SPECIAL,6,SPECIAL,,DEXTERITY,CHANNEL,Foe,Lethal. Reduce User’s Special.
Psycho Cut,psychic,PHYSICAL,3,STRENGTH,,DEXTERITY,BRAWL,Foe,High Critical.
Psycho Shift,psychic,SUPPORT,0,,,CLEVER,CHANNEL,Foe,Transfer the User's Status Ailments to the target. The user is now cured.
Psyshock,psychic,SPECIAL,3,SPECIAL,,DEXTERITY,CHANNEL,Foe,Deals Physical Damage.
Psystrike,psychic,SPECIAL,4,SPECIAL,,DEXTERITY,CHANNEL,Foe,This Move is resisted with the Foe’s Defense instead of its Sp. Defense
Psywave,psychic,SPECIAL,0,,,INSIGHT,CHANNEL,Foe,Roll Damage Dice according to the User’s Rank. 1 Dice at Starter Rank; 2 Dice at Beginner Rank; 3 dice at Amateur Rank; 4 Dice at Ace Rank; 5 Dice at Professional Rank. Ignores Defense.
Punishment,dark,PHYSICAL,1,STRENGTH,,DEXTERITY,BRAWL,Foe,Add up to 7 Dice to the Damage Pool for every Increased Attribute the foe has. (ie. Foe has 1 Increased dice in Dexterity & Strength that equals +2 Dice on the Damage Pool of this attack).
Purify,poison,SUPPORT,0,,,SPECIAL,NATURE,Foe,Heal a Target's Status Ailment. the user may heal 1 HP.
Pursuit,dark,PHYSICAL,2,STRENGTH,,DEXTERITY,BRAWL,Foe,If the foe is Switching Out or escaping. Add 2 Dice to the Damage Pool and Priority to this move.
Pyro Ball,fire,PHYSICAL,5,SPECIAL,,SPECIAL,CHANNEL,Foe,Roll 1 Chance Dice to Burn those Affected.
Quash,dark,SUPPORT,0,,,TOUGH,INTIMIDATE,Foe,For the rest of the scene. the target will go last in the order of Initiative.
Quick Attack,normal,PHYSICAL,2,STRENGTH,,DEXTERITY,BRAWL,Foe,Priority. Double the Pokémon's movement speed.
Quick Guard,fighting,SUPPORT,0,,,DEXTERITY,ATHLETIC,User and Allies,"Shield Move. This move will only protect against Damaging Moves with ""Priority"" and surprise attacks. Reduce 3 Dice from the foe's Damage Pool."
Quiver Dance,bug,SUPPORT,0,,,BEAUTY,PERFORM,User,Increases Dexterity. Special and Sp. Defense.
Rage,normal,PHYSICAL,1,STRENGTH,,DEXTERITY,BRAWL,Foe,If the Pokémon receives damage after using this move. Increase the User's Strength.
Rage Powder,bug,SUPPORT,0,,,INSIGHT,INTIMIDATE,User,Priority 2. During this Round. all damage moves from any foe must target the User.
Rain Dance,water,SUPPORT,0,,,SPECIAL,NATURE,Battlefield,Rain Weather is activated for the next 4 Rounds.
Rapid Spin,normal,PHYSICAL,2,STRENGTH,,DEXTERITY,BRAWL,Foe,If there are Spikes. Leech Seed or Stealth Rocks on the field. eliminate them from the battlefield.
Razor Leaf,grass,PHYSICAL,2,STRENGTH,,DEXTERITY,BRAWL,All Foes,Ranged. High Critical.
Razor Shell,water,PHYSICAL,3,STRENGTH,,DEXTERITY,BRAWL,Foe,Roll 1 Chance Dice to Reduce the foe's Defense.
Razor Wind,normal,SPECIAL,3,SPECIAL,,DEXTERITY,CHANNEL,All Foes,High Critical. Charge.
Recover,normal,SUPPORT,0,,,SPECIAL,NATURE,User,Basic Heal. May cure Lethal Damage.
Recycle,normal,SUPPORT,0,,,VITALITY,NATURE,User,The Pokémon reuses an Item that has already been spent. (Berries etc.) An Item may not be recycled more than 5 times.
Reflect,psychic,SUPPORT,0,,,SPECIAL,CHANNEL,User and Allies,User and Allies will receive 1 less Damage from Physical Attacks. Lasts 4 Rounds.
Reflect Type,normal,SUPPORT,0,,,SPECIAL,CHANNEL,User,The Pokémon is now the same type of one of its foes. Lasts for a Scene or until this move is used again.
Refresh,normal,SUPPORT,0,,,WILL,CHANNEL,User,The User cure itself from Poison. Burn or Paralysis.
Relic Song,normal,SPECIAL,2,SPECIAL,,SPECIAL,PERFORM,All Foes,"Sound Based. Roll 1 Die to put the foe to Sleep. If successful, the User may choose to change its form afterwards."
Rest,psychic,SUPPORT,0,,,VITALITY,NATURE,User,Complete Heal. The User ust Sleep for 2 whole Rounds (from Round Start to Round End).
Retaliate,normal,PHYSICAL,3,STRENGTH,,DEXTERITY,BRAWL,Foe,If an ally fainted during this or the last Round. add 3 Dice to the Damage Roll of this Move.
Return,normal,PHYSICAL,0,STRENGTH,HAPPINESS,DEXTERITY,BRAWL,Foe,Add 1 Dice to the Damage Roll for every point of Happiness on the User.
Revelation Dance,normal,SPECIAL,3,SPECIAL,,DEXTERITY,PERFORM,Foe,This Move's type will always match the User's first Type.
Revenge,fighting,PHYSICAL,2,STRENGTH,,DEXTERITY,BRAWL,Foe,If the User has already received damage this round. add 2 Extra Dice to the Damage Pool.
Reversal,fighting,PHYSICAL,1,STRENGTH,,DEXTERITY,BRAWL,Foe,Add 1 Extra Dice to the Damage Pool for every missing HP the User has. Up to 5 Dice may be added this Way.
Roar,normal,SUPPORT,0,,,TOUGH,INTIMIDATE,Foe,Low Priority 6. In the wild the battle ends. in an official fight. the Pokémon switches out if its the last or only Pokémon the move fails. Switcher Move.
Roar of Time,dragon,SPECIAL,6,SPECIAL,,SPECIAL,CHANNEL,Foe,"Lethal. If successful, the target can’t have any action until next Round"
Rock Blast,rock,PHYSICAL,1,STRENGTH,,DEXTERITY,BRAWL,Foe,Ranged. Successive Actions.
Rock Climb,normal,PHYSICAL,3,STRENGTH,,DEXTERITY,BRAWL,Foe,Roll 2 Chance Dice to Confuse the foe. Outside of battle it may be used to climb with ease. -2 Accuracy.
Rock Polish,rock,SUPPORT,0,,,DEXTERITY,CHANNEL,User,Increase User's Dexterity by 2.
Rock Slide,rock,PHYSICAL,3,STRENGTH,,DEXTERITY,BRAWL,All Foes,Ranged. Roll 3 Chance Dice to Flinch those affected.
Rock Smash,fighting,PHYSICAL,2,STRENGTH,,DEXTERITY,BRAWL,Foe,Roll 5 Chance Dice tto Reduce foe's Defense.
Rock Throw,rock,PHYSICAL,2,STRENGTH,,DEXTERITY,CHANNEL,Foe,Ranged.
Rock Tomb,rock,PHYSICAL,2,STRENGTH,,DEXTERITY,CHANNEL,Foe,Ranged. Reduce Foe's Dexterity.
Rock Wrecker,rock,PHYSICAL,6,STRENGTH,,STRENGTH,CHANNEL,Foe,Ranged. Must Recharge. Lethal.
Role Play,psychic,SUPPORT,0,,,CLEVER,PERFORM,Foe,Copy the target's Ability. The abilities Flower Gift. Illusion. Imposter. Stance Change. Wonder Guard. and Plot Device cannot be copied.
Rolling Kick,fighting,PHYSICAL,2,STRENGTH,,DEXTERITY,BRAWL,Foe,Roll 3 Chance Dice to Flinch the Foe.
Rollout,rock,PHYSICAL,1,STRENGTH,,DEXTERITY,BRAWL,Foe,Successive Actions. Add 1 Extra Dice to the Damage Roll of the last Rollout hit the user performs. If the Pokémon used Defense Curl this Round. add 1 Extra Dice to the Damage Roll of every hit.
Roost,flying,SUPPORT,0,,,INSIGHT,NATURE,User,Basic Heal. Until the User's next action this Pokémon will be vulnerable to Ground Type moves.
Rototiller,ground,SUPPORT,0,,,SPECIAL,NATURE,Battlefield,Increase the Strength and Special of all Grass Type Pokémon in the battlefield.
Round,normal,SPECIAL,2,SPECIAL,,SPECIAL,PERFORM,Foe,If the User and an Ally are able to use Round. both may choose to do it at the same time. Both Pokémon add 3 Dice to the Damage Roll.
Sacred Fire,fire,PHYSICAL,4,STRENGTH,,DEXTERITY,CHANNEL,Foe,Lethal. Roll 5 Chance Dice to Burn the Foe.
Sacred Sword,fighting,PHYSICAL,3,STRENGTH,,DEXTERITY,BRAWL,Foe,Ignore any Increases to the foe's Defense.
Safeguard,normal,SUPPORT,0,,,SPECIAL,CHANNEL,User and Allies,For the next 4 Rounds. the User and its Allies won't be affected by Status Ailments (Burn. Poison. Sleep.Confuse). Lasts 4 Rounds. Prior Status ailments remain.
Sand Attack,ground,SUPPORT,0,,,DEXTERITY,CHANNEL,Foe,Reduce the foe's Accuracy.
Sand Tomb,ground,PHYSICAL,1,STRENGTH,,DEXTERITY,BRAWL,Foe,Ranged. Block. Roll 2 Dice of Damage against the foe at the end of every Round. Lasts 4 Rounds. - 2 Accuracy.
Sandstorm,rock,SUPPORT,0,,,SPECIAL,NATURE,Battlefield,Sandstorm Weather is activated for the next 4 Rounds.
Sappy Seed,grass,PHYSICAL,3,STRENGTH,,SPECIAL,BRAWL,Foe,"At the end of the Round, Roll 1 Die of Damage to the foe, Restore 1 HP to the user for every damage dealt this way. If the user of this Move is at its Final Stage of Evolution, this move fails. -1 Accuracy."
Scald,water,SPECIAL,3,SPECIAL,,DEXTERITY,CHANNEL,Foe,Roll 3 Chance Dice to Burn the foe.
Scary Face,normal,SUPPORT,0,,,TOUGH,INTIMIDATE,Foe,Reduce the foe's Dexterity by 2.
Scratch,normal,PHYSICAL,2,STRENGTH,,DEXTERITY,BRAWL,Foe,-
Screech,normal,SUPPORT,0,,,TOUGH,PERFORM,Foe,Reduce the foe's Defense by 2. Sound Based.
Searing Shot,fire,SPECIAL,5,SPECIAL,,SPECIAL,CHANNEL,All Foes,Lethal. All Foes in Range. Roll 3 Chance Dice to Burn those Affected.
Secret Power,normal,PHYSICAL,3,STRENGTH,,DEXTERITY,BRAWL,Foe,Inflicts abnormal effects. See Secret Power p.368 for more info.
Secret Sword,fighting,SPECIAL,3,SPECIAL,,DEXTERITY,CHANNEL,Foe,Apply the foe’s Defense instead of its Sp.Defense to resist Damage from this Move
Seed Bomb,grass,PHYSICAL,3,STRENGTH,,DEXTERITY,BRAWL,Foe,Ranged.
Seed Flare,grass,SPECIAL,5,SPECIAL,,SPECIAL,CHANNEL,Foe,Lethal. Roll 4 Chance Dice to Reduce the foe’s Sp. Defense by 2.
Seismic Toss,fighting,PHYSICAL,0,,,STRENGTH,ATHLETIC,Foe,Roll Damage Dice according to the User’s Rank. 1 Dice at Starter Rank; 2 Dice at Beginner Rank; 3 dice at Amateur Rank; 4 Dice at Ace Rank; 5 Dice at Professional Rank. Ignore the foe Defenses.
Self Destruct,normal,PHYSICAL,8,STRENGTH,,STRENGTH,BRAWL,Area,After performing the move. the user receives damage equal to its remaining HP.
Shadow Ball,ghost,SPECIAL,3,SPECIAL,,DEXTERITY,CHANNEL,Foe,Roll 1 Chance Dice to Reduce foe's Sp. Defense.
Shadow Bone,ghost,PHYSICAL,3,STRENGTH,,DEXTERITY,BRAWL,Foe,Roll 2 Chance Dice to Reduce the Foe's Defense.
Shadow Claw,ghost,PHYSICAL,3,STRENGTH,,DEXTERITY,BRAWL,Foe,High Critical.
Shadow Force,ghost,PHYSICAL,5,STRENGTH,,STRENGTH,BRAWL,Foe,"Lethal. Charge Move. While charging this Move, other Move will not affect the user. If the Target made a Shielding Action, the shield is destroyed and won’t have any effect. Damage dealt by this Move cannot be healed for 24 hrs"
Shadow Punch,ghost,PHYSICAL,2,STRENGTH,,DEXTERITY,BRAWL,Foe,Fist Based. Never Fail.
Shadow Sneak,ghost,PHYSICAL,2,STRENGTH,,DEXTERITY,BRAWL,Foe,Priority.
Sharpen,normal,SUPPORT,0,,,DEXTERITY,BRAWL,User,Increase the User's Strength.
Sheer Cold,ice,SUPPORT,0,,,SPECIAL,CHANNEL,Foe,Deal damage to the Target equal to its remaining HP. -5  Accuracy.
Shell Smash,normal,SUPPORT,0,,,STRENGTH,BRAWL,User,"Increase the User’s Strength, Special, Dexterity. Reduce the User’s Defense and Special Defense."
Shell Trap,fire,SPECIAL,6,SPECIAL,,DEXTERITY,STEALTH,Foe,Volt. Low Priority 3. This Move strikes the next time the user is hit with a Non-Ranged Physical attack.
Shift Gear,steel,SUPPORT,0,,,DEXTERITY,CHANNEL,User,Increase the User's Strength and Dexterity.
Shock Wave,electric,SPECIAL,2,SPECIAL,,DEXTERITY,CHANNEL,Foe,Never Fail.
Shore Up,ground,SUPPORT,0,,,INSIGHT,NATURE,User,Basic Heal. If performed under Sandstorm weather. this move is a Complete Heal.
Signal Beam,bug,SPECIAL,3,SPECIAL,,SPECIAL,CHANNEL,Foe,Roll 1 Chance Dice to Confuse the foe.
Silver Wind,bug,SPECIAL,2,SPECIAL,,DEXTERITY,CHANNEL,Foe,Roll 1 Chance Dice to Increase User's Strength. Dexterity. Special. Defense. Sp. Defense.
Simple Beam,normal,SUPPORT,0,,,INSIGHT,COOL,Foe,"Target Pokémon ability is now ""Simple""."
Sing,normal,SUPPORT,0,,,CUTE,PERFORM,Foe,Inflict Sleep on the target. Sound Based. -3 Accuracy.
Sizzly Slide,fire,PHYSICAL,3,STRENGTH,,DEXTERITY,BRAWL,Foe,"If the user of this Move is at its Final Stage of Evolution, this move fails."
Sketch,normal,SUPPORT,0,,,DEXTERITY,PERFORM,Foe,"Permanently copies a move the target used. Once Copied ""Sketch"" disappears."
Skill Swap,psychic,SUPPORT,0,,,CLEVER,PERFORM,Foe,Switch Abilities with the foe. The abilities Flower Gift. Illusion. Imposter. Stance Change. Wonder Guard and Plot Device cannot be switched.
Skull Bash,normal,PHYSICAL,5,STRENGTH,,STRENGTH,BRAWL,Foe,Increase the User's Defense. Charge.
Sky Attack,flying,PHYSICAL,6,STRENGTH,,STRENGTH,BRAWL,Foe,Lethal. High Critical. Charge Move. Roll 3 Chance Dice to Flinch the foe.
Sky Drop,flying,PHYSICAL,2,STRENGTH,,DEXTERITY,BRAWL,Foe,Charge Move. While charging this move the Target is flinched. Flying Type Pokémon are immune to the Damage of this move. Lifting a target is restricted by the Strength of the User.
Sky Uppercut,fighting,PHYSICAL,3,STRENGTH,,DEXTERITY,BRAWL,Foe,-
Slack Off,normal,SUPPORT,0,,,VITALITY,NATURE,User,"Basic Heal. If successful, spend 1 Will point to activate."
Slam,normal,PHYSICAL,3,STRENGTH,,DEXTERITY,BRAWL,Foe, -2 Accuracy.
Slash,normal,PHYSICAL,3,STRENGTH,,DEXTERITY,BRAWL,Foe,High Critical. Lethal.
Sleep Powder,grass,SUPPORT,0,,,SPECIAL,NATURE,Foe,Put the Target to Sleep. -2 Accuracy.
Sleep Talk,normal,SUPPORT,0,,,,,Random Foe,While this Pokémon is asleep. it may use one of its Moves at Random.
Sludge,poison,SPECIAL,2,SPECIAL,,DEXTERITY,CHANNEL,Foe,Roll 3 Chance Dice to Poison the Foe.
Sludge Bomb,poison,SPECIAL,3,SPECIAL,,DEXTERITY,CHANNEL,Foe,Roll 3 Chance Dice to Poison the Foe.
Sludge Wave,poison,SPECIAL,3,SPECIAL,,DEXTERITY,CHANNEL,Area,Roll 1 Chance Dice to Poison those affected.
Smack Down,rock,PHYSICAL,2,STRENGTH,,DEXTERITY,CHANNEL,Foe,Ranged. Remove the foe's Immunity to Ground-Type Attacks.
Smart Strike,steel,PHYSICAL,3,STRENGTH,,DEXTERITY,BRAWL,Foe,Lethal. Never Fail.
Smelling Salts,normal,PHYSICAL,3,STRENGTH,,DEXTERITY,BRAWL,Foe,If the Target is Paralyzed. add 2 Dice to the Damage Roll cure target's Paralysis afterwards.
Smog,poison,SPECIAL,1,SPECIAL,,DEXTERITY,CHANNEL,Foe,Roll 4 Chance Dice Poison the Foe. -2 Accuracy.
Smokescreen,normal,SUPPORT,0,,,SPECIAL,CHANNEL,Foe,Reduce the foe's Accuracy.
Snap Trap,grass,PHYSICAL,2,STRENGTH,,DEXTERITY,STEALTH,Foe,Target is Blocked for the Next 4 Rounds.
Snarl,dark,SPECIAL,2,SPECIAL,,INSIGHT,PERFORM,Foe,Sound Based. Reduce the foe's Special.
Snatch,dark,SUPPORT,0,,,CLEVER,STEALTH,Foe,Erash any Increase or Decrease on the foe's Traits. and place them on the User instead.
Snipe Shot,water,SPECIAL,3,SPECIAL,,DEXTERITY,CHANNEL,Foe,High Critical. Ignore effects from Moves or Abilities that would prevent this Move from tageting a foe.
Snore,normal,SPECIAL,2,SPECIAL,,SPECIAL,PERFORM,Foe,This move can only be used is the user asleep. Roll 3 Chance Dice to Flinch the foe.
Soak,water,SUPPORT,0,,,SPECIAL,CHANNEL,Foe,Change the target's Type to Water.
Soft Boiled,normal,SUPPORT,0,,,INSIGHT,NATURE,User,Basic Heal.
Solar Beam,grass,SPECIAL,5,SPECIAL,,SPECIAL,CHANNEL,Foe,Charge Move. If there is a Sunny Weather. you skip this Move's Charge action. If performed under Rain. Sandstorm or Hail Weather. this Move takes two actions to Charge.
Solar Blade,grass,PHYSICAL,5,STRENGTH,,STRENGTH,BRAWL,Foe,Charge Move. If there is a Sunny Weather. you skip this Move's Charge action. If performed under Rain. Sandstorm or Hail Weather. this Move takes two actions to Charge.
Sonic Boom,normal,SUPPORT,0,,,DEXTERITY,CHANNEL,Foe,This moves always inflicts 1 damage.
Spacial Rend,dragon,SPECIAL,4,SPECIAL,,SPECIAL,CHANNEL,Foe,Lethal. High Critical.
Spark,electric,PHYSICAL,2,STRENGTH,,DEXTERITY,BRAWL,Foe,Roll 3 Chance Dice to Paralyze the foe.
Sparkling Aria,water,SPECIAL,3,SPECIAL,,SPECIAL,PERFORM,Area,If an affected Pokémon had any of the Burn Status Conditions. heal it isntead of dealing damage.
Sparkly Swirl,fairy,SPECIAL,3,SPECIAL,,DEXTERITY,CHANNEL,Foe,"If successful, heal any Status Ailment on the User and Allies. If the user of this Move is at its Final Stage of Evolution, this move fails."
Spectral Thief,ghost,PHYSICAL,3,STRENGTH,,DEXTERITY,BRAWL,Foe,"If successful, BEFORE the user deals damage with this Move, steal all Attribute Increases the foe may have. Reduced Attributes on the foe remain."
Speed Swap,psychic,SUPPORT,0,,,SPECIAL,CHANNEL,Foe,Switch your Dexterity with your Foe.
Spider Web,bug,SUPPORT,0,,,INSIGHT,STEALTH,Battlefield,Blocks.
Spike Cannon,normal,PHYSICAL,1,STRENGTH,,DEXTERITY,BRAWL,Foe,Ranged. Successive Actions.
Spikes,ground,SUPPORT,0,,,SPECIAL,NATURE,Battlefield,Foe Pokémon that enters the battlefield will lose 1 HP. this effect does not stack. Pokémon with the Levitate ability and Flying Type Pokémon are immune to this effect. Entry Hazard.
Spiky Shield,grass,SUPPORT,0,,,DEXTERITY,BRAWL,Foe,Priority 3. Shield. Reduce 3 Damage Dice from the next attack and deal 2 Damage Dice to the attacker if it used a physical non-ranged Move.
Spirit Break,fairy,PHYSICAL,2,STRENGTH,,INSIGHT,BRAWL,Foe,"If successful, reduce the Foe’s Special."
Spirt Shackle,ghost,PHYSICAL,3,STRENGTH,,DEXTERITY,BRAWL,Foe,Blocks.
Spit Up,normal,SPECIAL,4,SPECIAL,,DEXTERITY,CHANNEL,Foe,"Must have used the move ""Stockpile"" prior to this move. otherwise it will fail. Lose all Stockpile modifiers."
Spite,ghost,SUPPORT,0,,,WILL,INTIMIDATE,Foe,Reduce Target's Will to 1 point temporarily.
Splash,normal,SUPPORT,0,,,DEXTERITY,BRAWL,User,-
Splishy Splash,water,SPECIAL,3,SPECIAL,,DEXTERITY,CHANNEL,Foe,"Roll 3 Chance Dice to Paralyze the foe. If the user of this Move is at its Final Stage of Evolution, this move fails."
Spore,grass,SUPPORT,0,,,SPECIAL,NATURE,Foe,Put the Target to Sleep.
Spotlight,normal,SUPPORT,0,,,COOL,PERFORM,One Ally,Priority 3. Foes will target One Ally this turn.
Stealth Rock,rock,SUPPORT,0,,,DEXTERITY,STEALTH,Battlefield,Entry Hazard. Foe Pokémon that enter the battlefield lose 1 HP. this effect does not stack.
Steam Eruption,water,SPECIAL,4,SPECIAL,,DEXTERITY,CHANNEL,Foe,Lethal. Roll 3 Chance Dice to Burn those affected.
Steamroller,bug,PHYSICAL,2,STRENGTH,,DEXTERITY,BRAWL,Foe,Roll 3 Chance Dice to Flinch the foe.
Steel Beam,steel,SPECIAL,6,SPECIAL,,SPECIAL,CHANNEL,Foe,Recoil.
Steel Wing,steel,PHYSICAL,3,STRENGTH,,DEXTERITY,BRAWL,Foe,Roll 1 Chance Dice to Increase the User's Defense.
Sticky Web,bug,SUPPORT,0,,,INSIGHT,NATURE,Battlefield,Entry Hazard. Foe Pokémon that enter the battlefield get a Dexterity Reduction. Pokémon with the Levitate ability and Flying Type Pokémon are immune to this effect.
Stockpile,normal,SUPPORT,0,,,INSIGHT,NATURE,User,Increase the User's Defense and Sp. Defense.
Stomp,normal,PHYSICAL,2,STRENGTH,,DEXTERITY,BRAWL,Foe,Roll 3 Chance Dice to Flinch the foe.
Stomping Tantrum,ground,PHYSICAL,3,STRENGTH,,DEXTERITY,BRAWL,Foe,Add 2 Extra Dice to the Damage Pool of this move is the User failed the Accuracy Roll of the last Move it performed.
Stone Edge,rock,PHYSICAL,4,STRENGTH,,STRENGTH,CHANNEL,Foe,Ranged. High Critical. Lethal.
Stored Power,psychic,SPECIAL,1,SPECIAL,,DEXTERITY,CHANNEL,Foe,Add 1 Extra Dice of Damage for each Increased trat the user has (ie. Clefairy has 1 Increased Point in Defense and 1 Evasion. Stored Power will have 2 Extra Dice on the Damage Pool). Up to 7 Dice may be added.
Storm Throw,fighting,PHYSICAL,2,STRENGTH,,DEXTERITY,BRAWL,Foe,If the Accuracy Roll is successful this move becomes a Critical Hit.
Strange Steam,fairy,SPECIAL,3,SPECIAL,,SPECIAL,CHANNEL,Foe,Roll 2 Chance Dice to Confuse the Foe.
Strength,normal,PHYSICAL,3,STRENGTH,,STRENGTH,BRAWL,Foe,Outside of battle. using this move allows the Pokémon to lift double the normal weight it should be able to.
Strength Sap,grass,SUPPORT,0,,,INSIGHT,NATURE,Foe,Reduce Foe's Strength. User Heals HP equal to the Foe's Current Strength Score. Healing in-battle limitations apply.
String Shot,bug,SUPPORT,0,,,INSIGHT,NATURE,Foe,Reduce the target's Dexterity.
Struggle Bug,bug,PHYSICAL,1,STRENGTH,,DEXTERITY,BRAWL,Foe,Reduce the foe's Special.
Stuff Cheeks,normal,SUPPORT,0,,,CLEVER,NATURE,User,"User eats its held Berry and gains its effects, afterwards, Increase user’s Defense."
Stun Spore,grass,SUPPORT,0,,,SPECIAL,NATURE,Foe,Paralyze the Foe. -2 Accuracy.
Submission,fighting,PHYSICAL,3,STRENGTH,,DEXTERITY,BRAWL,Foe,Recoil.
Substitute,normal,SUPPORT,0,,,DEXTERITY,STEALTH,User,Deal 2 Damage to the user and put a decoy with 2 HP with the same Defenses as the user. If the decoy's HP is depleted. it disappears and the user comes back into the fight. Decoy can only be affected by damaging moves.
Sucker Punch,dark,PHYSICAL,3,STRENGTH,,DEXTERITY,BRAWL,Foe,Priority. If the target does not perform a damaging move. this attack will fail.
Sunny Day,fire,SUPPORT,0,,,SPECIAL,NATURE,Battlefield,Sunny Weather is activated for the next 4 Rounds.
Sunsteel Strike,steel,PHYSICAL,4,STRENGTH,,DEXTERITY,CHANNEL,All Foes,Ranged. Roll 5 Chance Dice to Increase the User’s Defense.
Super Fang,normal,SUPPORT,0,,,DEXTERITY,BRAWL,Foe,Damage Roll is Half of the Foe's remaining HP (up to 10) rounded down. If the remaining HP of the foe is 1. this move fails. Ignore the foe's Defenses. -1 Accuracy.
Superpower,fighting,PHYSICAL,5,STRENGTH,,DEXTERITY,BRAWL,Foe,Lethal. Reduce User's Strength and Defense.
Supersonic,normal,SUPPORT,0,,,TOUGH,CHANNEL,Foe,Confuse the foe. -3 Accuracy.
Surf,water,SPECIAL,3,SPECIAL,,DEXTERITY,CHANNEL,Area,-
Swagger,normal,SUPPORT,0,,,TOUGH,INTIMIDATE,Foe,Increase the foe's Strength by 2. Inflicts Confusion.
Swallow,normal,SUPPORT,0,,,VITALITY,NATURE,User,"Must have used the move ""Stockpile"" prior to this Move. otherwise it will fail. User restores 2 Health points. Loses the effects of stockpile. The Pokémon must rest an hour before using Swallow again."
Sweet Kiss,fairy,SUPPORT,0,,,CUTE,ALLURE,Foe,Confuse the foe.
Sweet Scent,normal,SUPPORT,0,,,SPECIAL,NATURE,All Foes,Reduce the foe's Evasion. Attracts wild Pokémon.
Swift,normal,SPECIAL,2,SPECIAL,,DEXTERITY,CHANNEL,All Foes,Never Fail.
Switcheroo,dark,SUPPORT,0,,,INSIGHT,STEALTH,Foe,User and Foe switch their Held Item. If only one Pokémon is holding an item it gives it away.
Swords Dance,normal,SUPPORT,0,,,DEXTERITY,PERFORM,User,Increase the User's Strength.
Synchronoise,psychic,SPECIAL,5,SPECIAL,,SPECIAL,PERFORM,Area,Sound Based. Choose a Type (Fire. Poison. Steel. etc.) this move only affects those with that Type.
Synthesis,grass,SUPPORT,0,,,SPECIAL,NATURE,Foe,Basic Heal. If performed under Sunny weather. this Move is a Complete Heal.
Tackle,normal,PHYSICAL,2,STRENGTH,,DEXTERITY,BRAWL,Foe,-
Tail Glow,bug,SUPPORT,0,,,INSIGHT,NATURE,User,Increase the User's Special by 3.
Tail Slap,normal,PHYSICAL,1,STRENGTH,,DEXTERITY,BRAWL,User,Successive Actions. -1 Accuracy.
Tail Whip,normal,SUPPORT,0,,,CUTE,PERFORM,All Foes,Reduce the foe's Defense.
Tailwind,flying,SUPPORT,0,,,INSIGHT,NATURE,Battlefield,For the Next 4 Rounds. Increase the Dexterity of the User and All Allies in the field by 2.
Take Down,normal,PHYSICAL,3,STRENGTH,,DEXTERITY,BRAWL,Foe,Recoil. -2 Accuracy.
Tar Shot,rock,SUPPORT,0,,,SPECIAL,CHANNEL,Foe,Reduce the foe’s Dexterity. Until the end of the Scene FireType Moves will deal Super-Effective damage against the foe.
Taunt,dark,SUPPORT,0,,,TOUGH,INTIMIDATE,Foe,The target Pokémon can only perform Damaging Moves and Evasion actions for the next 4 Rounds.
Tearful Look,normal,SUPPORT,0,,,CUTE,ALLURE,Foe,Reduce Foe's Strength and Special.
Teatime,normal,SUPPORT,0,,,INSIGHT,ETIQUETTE,Area,ll eat their held berries without gaining their effects. Outside of battle will difuse violent intentions for a few minutes
Techno Blast,normal,SPECIAL,5,SPECIAL,,DEXTERITY,CHANNEL,Foe,"Lethal. If Genesect is performing this Move, this Move’s type may change to: Fire, Ice, Water, or Electric depending on the Driver it has as Held Item."
Teeter Dance,normal,SUPPORT,0,,,DEXTERITY,PERFORM,Area,Inflicts Confusion.
Telekinesis,psychic,SUPPORT,0,,,SPECIAL,CHANNEL,Foe,"All attacks against the target have ""Never Fail"". The target is immune to Ground Moves. Lasts 2 Rounds."
Teleport,psychic,SUPPORT,0,,,SPECIAL,CHANNEL,Foe,In the wild. the battle ends. In official battles. it counts as the Pokémon being recalled. Teleportation distances depend on Special and Storyteller's discretion.
Thief,dark,PHYSICAL,2,STRENGTH,,DEXTERITY,BRAWL,Foe,The user steals the foe's Held Item.
Thousand Arrows,ground,PHYSICAL,3,STRENGTH,,STRENGTH,CHANNEL,All Foes,"Lethal. Ranged. All Foes in Range. If successful, Flying and Levitating Pokémon can be hit by Ground-Type Moves for the rest of the scene."
Thousand Waves,ground,PHYSICAL,3,STRENGTH,,SPECIAL,BRAWL,All Foes,Blocks. Ranged. All Foes in Range.
Thrash,normal,PHYSICAL,5,STRENGTH,,STRENGTH,BRAWL,Random Foe,Rampage.
Throat Chop,dark,PHYSICAL,3,STRENGTH,,DEXTERITY,BRAWL,Foe,"The target cannot use any ""Sound Based"" Move for the rest of the scene."
Thunder,electric,SPECIAL,5,SPECIAL,,SPECIAL,CHANNEL,Foe,Roll 3 Chance Dice to Paralyze foe. If performed under Sunny Weather. Reduce 2 dice from the Accuracy Roll. If performed under Rain Weather. Add 3 extra Dice to the Accuracy Roll.
Thunder Fang,electric,PHYSICAL,2,STRENGTH,,DEXTERITY,BRAWL,Foe,Roll 2 Chance Dice to Flinch the foe. Roll 2 Chance Dice to Paralyze the foe.
Thunder Punch,electric,PHYSICAL,3,STRENGTH,,DEXTERITY,BRAWL,Foe,Fist Based. Roll 1 Chance Dice to Paralyze foe.
Thunder Shock,electric,SPECIAL,2,SPECIAL,,DEXTERITY,CHANNEL,Foe,Roll 1 Chance Dice to Paralyze the foe.
Thunder Wave,electric,SUPPORT,0,,,INSIGHT,NATURE,Foe,Paralyze the foe.
Thunderbolt,electric,SPECIAL,3,SPECIAL,,DEXTERITY,CHANNEL,Foe,Roll 1 Chance Dice to Paralyze the foe.
Tickle,normal,SUPPORT,0,,,DEXTERITY,BRAWL,Foe,Reduce the foe's Strength and Defense.
Topsy-Turvy,dark,SUPPORT,0,,,TOUGH,INTIMIDATE,Foe,Any Decreases on the foe's Attributes become Increases and vice versa.
Torment,dark,SUPPORT,0,,,TOUGH,INTIMIDATE,Foe,The target cannot use the same Moves it used during the last Round. Lasts 4 Rounds.
Toxic,poison,SUPPORT,0,,,SPECIAL,CHANNEL,Foe,Badly Poison the Foe. -1 Accuracy.
Toxic Spikes,poison,SUPPORT,0,,,DEXTERITY,STEALTH,Battlefield,Foe Pokémon that enter the battlefield become Poisoned. Roll 1 Chance Dice for the Poison to become Badly Poisoned instead. Entry Hazard.
Toxic Thread,poison,SUPPORT,0,,,DEXTERITY,CHANNEL,Foe,Reduce Foe's Dexterity. Poison the Foe.
Transform,normal,SUPPORT,0,,,WILL,CHANNEL,User,The user transforms into a copy of the its target with same Ability Attributes. Trait Modifiers and Moves. Being inside a Pokéball breaks the Transformation.
Tri Attack,normal,SPECIAL,3,SPECIAL,,DEXTERITY,CHANNEL,Foe,Roll 2 Chance Dice to Paralyze the foe. Roll 2 Chance Dice to Burn the foe. Roll 2 Chance Dice to Freeze the Foe.
Trick,psychic,SUPPORT,0,,,SPECIAL,ALLURE,Foe,The foe and the user swap Held Items.
Trick Room,psychic,SUPPORT,0,,,SPECIAL,CHANNEL,Battlefield,Invert the order of Initiative. Lasts 4 Rounds.
Trick-or-Treat,ghost,SUPPORT,0,,,WILL,ALLURE,Foe,Add the Ghost type to Target's Type. (ie. Meowth will now by Normal/Ghost Charizard will now be Fire/Flying/Ghost) If the Pokémon already has a third type attached. replace it.
Triple Kick,fighting,PHYSICAL,1,STRENGTH,,DEXTERITY,BRAWL,Foe,Successive Actions. Add 1 Extra Dice to Damage Pool to the last kick performed.
Trop Kick,grass,PHYSICAL,3,STRENGTH,,DEXTERITY,BRAWL,Foe,Reduce Foe's Strength.
Trump Card,normal,SPECIAL,2,SPECIAL,,WILL,CHANNEL,Foe,If User's Will is half spent add 1 Dice to the Damage Roll. if the User's Will is depleted add +8 to the Damage Pool.
Twineedle,bug,PHYSICAL,1,STRENGTH,,DEXTERITY,BRAWL,Foe,Double action. Ranged. Roll 2 Chance Dice to Poison the foe per hit. Ranged.
Twister,dragon,SPECIAL,2,SPECIAL,,DEXTERITY,CHANNEL,Foe,Roll 2 Chance Dice to Flinch the foes.
U-Turn,bug,PHYSICAL,3,STRENGTH,,DEXTERITY,BRAWL,Foe,The user switches out after dealing damage. the new Pokémon arrives to ready to fight on the next Round. Switcher Move.
Uproar,normal,SPECIAL,3,SPECIAL,,DEXTERITY,CHANNEL,Random Foe,For the rest of the Round. no Pokémon can fall asleep. if a Pokémon was asleep it wakes up.
V-Create,fire,PHYSICAL,7,STRENGTH,,STRENGTH,BRAWL,Foe,"Reduce the user’s Dexterity, Defense and Sp. Defense."
Vacuum Wave,fighting,SPECIAL,2,SPECIAL,,DEXTERITY,CHANNEL,Foe,Priority.
Veevee Volley,normal,PHYSICAL,0,STRENGTH,HAPPINESS,DEXTERITY,BRAWL,Foe,"Add 1 Die to the Damage Roll for every point of Happiness on the User. If the user of this Move is at its Final Stage of Evolution, this move fails."
Venom Drench,poison,SUPPORT,0,,,SPECIAL,CHANNEL,All Foes,If an affected foe is poisoned or becomes poisoned in the same Round you used this Move. Reduce its Strength. Special and Dexterity.
Venoshock,poison,SPECIAL,2,SPECIAL,,DEXTERITY,CHANNEL,Foe,If the Foe is already poisoned. add 2 Extra Dice to the Damage Pool.
Vice Grip,normal,PHYSICAL,2,STRENGTH,,DEXTERITY,BRAWL,Foe,-
Vine Whip,grass,PHYSICAL,2,STRENGTH,,DEXTERITY,BRAWL,Foe,-
Vital Throw,fighting,PHYSICAL,2,STRENGTH,,DEXTERITY,BRAWL,Foe,Low Priority. Never Fail.
Volt Switch,electric,SPECIAL,2,SPECIAL,,DEXTERITY,CHANNEL,Foe,The user switches out after dealing damage. the new Pokémon arrives ready to fight on the next Round. Switcher Move.
Volt Tackle,electric,PHYSICAL,5,STRENGTH,,STRENGTH,BRAWL,Foe,Recoil. Roll 1 Chance Dice to Paralyze the Foe.
Wake-Up Slap,fighting,PHYSICAL,2,STRENGTH,,DEXTERITY,BRAWL,Foe,If the Foe is sleeping. Add 2 Extra Dice to the Damage Pool. The foe Wakes up afterwards.
Water Gun,water,SPECIAL,2,SPECIAL,,DEXTERITY,CHANNEL,Foe,-
Water Pledge,water,SPECIAL,3,SPECIAL,,DEXTERITY,CHANNEL,Battlefield,Creates a rainbow that adds 2 Dice to all Chance Dice rolls. This effect lasts 4 turns.
Water Pulse,water,SPECIAL,2,SPECIAL,,DEXTERITY,CHANNEL,Foe,Roll 3 Chance Dice to Confuse the foe.
Water Shuriken,water,PHYSICAL,1,STRENGTH,,DEXTERITY,CHANNEL,Foe,Ranged. Priority. Successive Actions.
Water Sport,water,SUPPORT,0,,,SPECIAL,CHANNEL,Battlefield,For the next 4 Rounds Fire Type attacks won't add their Power to the Damage Pool.
Water Spout,water,SPECIAL,6,SPECIAL,,DEXTERITY,CHANNEL,All Foes,Remove 1 Dice of Damage for every missing HP of the User. Up to 5 Dice may be reduced this way.
Waterfall,water,PHYSICAL,3,STRENGTH,,DEXTERITY,BRAWL,Foe,Roll 3 Chance Dice to Flinch the foe.
Weather Ball,normal,SPECIAL,2,SPECIAL,,DEXTERITY,NATURE,Foe,If the battlefield is under a Weather. add +2 to the Damage Roll and change the Type of the Move accordingly: Sun-Fire. Rain-Water. Hail-Ice. Sandstorm-Rock.
Whirlpool,water,SPECIAL,2,SPECIAL,,DEXTERITY,CHANNEL,Foe,Block. Deal 2 dice of damage at the end of each Round. Lasts 4 Rounds.
Whirlwind,normal,SUPPORT,0,,,DEXTERITY,NATURE,Foe,Low Priority 6. In the wild the battle ends. In an official fight. the Pokémon switches out. if it's the last or only Pokémon the move fails. Switcher Move.
Wide Guard,rock,SUPPORT,0,,,VITALITY,BRAWL,User and Allies,Priority 3. Shield. Reduce 3 Dice from the foe's Damage Pool.
Wild Charge,electric,PHYSICAL,3,STRENGTH,,DEXTERITY,BRAWL,Foe,Recoil.
Will-O-Wisp,fire,SUPPORT,0,,,DEXTERITY,CHANNEL,Foe,Burn the Foe.
Wing Attack,flying,PHYSICAL,2,STRENGTH,,DEXTERITY,BRAWL,Foe,-
Wish,normal,SUPPORT,0,,,WILL,CHANNEL,User,At the beginning of its next Round. this Move may become a Basic Heal. Some wishes may be granted.
Withdraw,water,SUPPORT,0,,,VITALITY,BRAWL,User,Increase User's Defense.
Wonder Room,psychic,SUPPORT,0,,,SPECIAL,CHANNEL,Battlefield,Defense and Sp. Defense will be calculated with Insight instead of Vitality. Lasts 4 Rounds.
Wood Hammer,grass,PHYSICAL,5,STRENGTH,,STRENGTH,BRAWL,Foe,Recoil.
Work Up,normal,SUPPORT,0,,,STRENGTH,ATHLETIC,User,Increase the User's Strength and Special.
Worry Seed,grass,SUPPORT,0,,,SPECIAL,NATURE,Foe,"Until the end of the Scene. Target's Ability is now ""Insomnia""."
Wrap,normal,PHYSICAL,1,STRENGTH,,DEXTERITY,BRAWL,Foe,Blocks. Roll 2 Dice of Damage against the foe at the end of each Round. Lasts 4 Rounds. -1 Accuracy.
Wring Out,normal,PHYSICAL,5,STRENGTH,,STRENGTH,BRAWL,Foe,Remove 1 Duce from the Damage Roll for every missing HP of the Target. leaving a minium of +1.
X-Scissor,bug,PHYSICAL,3,STRENGTH,,STRENGTH,BRAWL,Foe,-
Yawn,normal,SUPPORT,0,,,SPECIAL,CHANNEL,Foe,If the target is not removed from battle by the start of its next Round. it will asleep.
Zap Cannon,electric,SPECIAL,5,SPECIAL,,DEXTERITY,CHANNEL,Foe,Lethal. Paralyze the Foe.
Zen Headbutt,psychic,PHYSICAL,3,STRENGTH,,DEXTERITY,BRAWL,Foe,Roll 3 Chance Dice to Flinch the foe.
Zing Zap,electric,PHYSICAL,3,STRENGTH,,DEXTERITY,BRAWL,Foe,Roll 3 Chance Dice to Flinch the Foe.
Zippy Zap,electric,PHYSICAL,2,STRENGTH,,DEXTERITY,BRAWL,Foe,"Priority. This Move is always a Critical Hit and gets the proper Bonus for it. If the user of this Move is at its Final Stage of Evolution, this move fails."
